[2025-12-02 13:04:36.556] [INFO ] === Logger initialized ===
[2025-12-02 13:04:36.558] [INFO ] Signal handlers installed
[2025-12-02 13:04:36.558] [INFO ] === VoltShop Application Started ===
[2025-12-02 13:04:37.074] [INFO ] Database connection established successfully
[2025-12-02 13:04:37.269] [INFO ] Login dialog created
[2025-12-02 13:04:44.588] [INFO ] Login attempt for user: admin
[2025-12-02 13:04:44.591] [INFO ] Retrieved role from database: 'admin' for user: admin
[2025-12-02 13:04:44.591] [DEBUG] Using plain text password verification for user: admin
[2025-12-02 13:04:44.592] [DEBUG] User authenticated - Role: admin, TOTP: not set
[2025-12-02 13:04:44.592] [INFO ] User admin authenticated successfully, role: admin
[2025-12-02 13:04:44.592] [INFO ] User admin does not have 2FA enabled
[2025-12-02 13:04:47.539] [INFO ] User admin declined 2FA enrollment, proceeding without 2FA
[2025-12-02 13:04:47.539] [INFO ] Full authentication successful for user: admin
[2025-12-02 13:04:47.539] [INFO ] Scheduling MainWindow creation for user: admin with role: admin
[2025-12-02 13:04:47.539] [INFO ] Creating MainWindow instance
[2025-12-02 13:04:48.151] [INFO ] MainWindow constructor started
[2025-12-02 13:04:48.152] [INFO ] ExcelExporter initialized, script path: C:/Users/DELL/OneDrive/Pictures/Documents/mrgla/Version_FINAL V3/Verion_FINALE/Verion_FINALE/python_scripts/financial_export.py
[2025-12-02 13:04:48.405] [INFO ] Setting role for user admin: admin (converted to: admin)
[2025-12-02 13:04:48.405] [INFO ] Role restrictions applied - Client:1 Commande:1 Stock:1 Transaction:1 Employee:1
[2025-12-02 13:04:48.408] [INFO ] Opened Employee tab for role: admin
[2025-12-02 13:04:49.417] [INFO ] MainWindow created and shown successfully
[2025-12-02 13:07:49.179] [INFO ] === VoltShop Application Exited with code 0 ===
[2025-12-02 13:07:49.180] [INFO ] Login dialog destroyed
[2025-12-02 13:07:49.248] [INFO ] === Logger shutting down ===
[2025-12-02 13:09:09.439] [INFO ] === Logger initialized ===
[2025-12-02 13:09:09.441] [INFO ] Signal handlers installed
[2025-12-02 13:09:09.441] [INFO ] === VoltShop Application Started ===
[2025-12-02 13:09:09.857] [INFO ] Database connection established successfully
[2025-12-02 13:09:10.033] [INFO ] Login dialog created
[2025-12-02 13:09:18.038] [INFO ] Login attempt for user: admin
[2025-12-02 13:09:18.042] [INFO ] Retrieved role from database: 'admin' for user: admin
[2025-12-02 13:09:18.043] [DEBUG] Using plain text password verification for user: admin
[2025-12-02 13:09:18.043] [DEBUG] User authenticated - Role: admin, TOTP: not set
[2025-12-02 13:09:18.043] [INFO ] User admin authenticated successfully, role: admin
[2025-12-02 13:09:18.043] [INFO ] User admin does not have 2FA enabled
[2025-12-02 13:09:20.279] [INFO ] User admin declined 2FA enrollment, proceeding without 2FA
[2025-12-02 13:09:20.280] [INFO ] Full authentication successful for user: admin
[2025-12-02 13:09:20.280] [INFO ] Scheduling MainWindow creation for user: admin with role: admin
[2025-12-02 13:09:20.284] [INFO ] Creating MainWindow instance
[2025-12-02 13:09:20.836] [INFO ] MainWindow constructor started
[2025-12-02 13:09:20.844] [INFO ] ExcelExporter initialized, script path: C:/Users/DELL/OneDrive/Pictures/Documents/mrgla/Version_FINAL V3/Verion_FINALE/Verion_FINALE/python_scripts/financial_export.py
[2025-12-02 13:09:21.097] [INFO ] Setting role for user admin: admin (converted to: admin)
[2025-12-02 13:09:21.098] [INFO ] Role restrictions applied - Client:1 Commande:1 Stock:1 Transaction:1 Employee:1
[2025-12-02 13:09:21.100] [INFO ] Opened Employee tab for role: admin
[2025-12-02 13:09:22.026] [INFO ] MainWindow created and shown successfully
[2025-12-02 13:09:34.703] [INFO ] User admin logging out
[2025-12-02 13:09:34.717] [INFO ] Login dialog created
[2025-12-02 13:09:34.753] [INFO ] Login dialog created for re-authentication
[2025-12-02 13:09:34.856] [INFO ] Deleting MainWindow after logout
[2025-12-02 13:09:34.856] [INFO ] MainWindow destructor called
[2025-12-02 13:09:34.856] [INFO ] MainWindow destructor completed
[2025-12-02 13:09:40.295] [INFO ] Login attempt for user: admin
[2025-12-02 13:09:40.298] [INFO ] Retrieved role from database: 'admin' for user: admin
[2025-12-02 13:09:40.298] [DEBUG] Using plain text password verification for user: admin
[2025-12-02 13:09:40.298] [DEBUG] User authenticated - Role: admin, TOTP: not set
[2025-12-02 13:09:40.298] [INFO ] User admin authenticated successfully, role: admin
[2025-12-02 13:09:40.298] [INFO ] User admin does not have 2FA enabled
[2025-12-02 13:09:42.145] [INFO ] User admin declined 2FA enrollment, proceeding without 2FA
[2025-12-02 13:09:42.146] [INFO ] Full authentication successful for user: admin
[2025-12-02 13:09:42.146] [INFO ] Scheduling MainWindow creation for user: admin with role: admin
[2025-12-02 13:09:42.146] [INFO ] Creating MainWindow instance
[2025-12-02 13:09:42.406] [INFO ] MainWindow constructor started
[2025-12-02 13:09:42.414] [INFO ] ExcelExporter initialized, script path: C:/Users/DELL/OneDrive/Pictures/Documents/mrgla/Version_FINAL V3/Verion_FINALE/Verion_FINALE/python_scripts/financial_export.py
[2025-12-02 13:09:42.816] [INFO ] Setting role for user admin: admin (converted to: admin)
[2025-12-02 13:09:42.818] [INFO ] Role restrictions applied - Client:1 Commande:1 Stock:1 Transaction:1 Employee:1
[2025-12-02 13:09:42.843] [INFO ] Opened Employee tab for role: admin
[2025-12-02 13:09:42.897] [INFO ] MainWindow created and shown successfully
[2025-12-02 13:12:05.712] [INFO ] === VoltShop Application Exited with code 0 ===
[2025-12-02 13:12:05.712] [INFO ] Login dialog destroyed
[2025-12-02 13:12:05.767] [INFO ] === Logger shutting down ===
[2025-12-02 13:25:30.880] [INFO ] === Logger initialized ===
[2025-12-02 13:25:30.881] [INFO ] Signal handlers installed
[2025-12-02 13:25:30.881] [INFO ] === VoltShop Application Started ===
[2025-12-02 13:25:31.346] [INFO ] Database connection established successfully
[2025-12-02 13:25:31.535] [INFO ] Login dialog created
[2025-12-02 13:25:38.769] [INFO ] Login attempt for user: admin
[2025-12-02 13:25:38.776] [INFO ] Retrieved role from database: 'admin' for user: admin
[2025-12-02 13:25:38.776] [DEBUG] Using plain text password verification for user: admin
[2025-12-02 13:25:38.777] [DEBUG] User authenticated - Role: admin, TOTP: not set
[2025-12-02 13:25:38.777] [INFO ] User admin authenticated successfully, role: admin
[2025-12-02 13:25:38.777] [INFO ] User admin does not have 2FA enabled
[2025-12-02 13:25:40.740] [INFO ] User admin declined 2FA enrollment, proceeding without 2FA
[2025-12-02 13:25:40.750] [INFO ] Full authentication successful for user: admin
[2025-12-02 13:25:40.750] [INFO ] Scheduling MainWindow creation for user: admin with role: admin
[2025-12-02 13:25:40.750] [INFO ] Creating MainWindow instance
[2025-12-02 13:25:41.266] [INFO ] MainWindow constructor started
[2025-12-02 13:25:41.282] [INFO ] ExcelExporter initialized, script path: C:/Users/DELL/OneDrive/Pictures/Documents/mrgla/Version_FINAL V3/Verion_FINALE/Verion_FINALE/python_scripts/financial_export.py
[2025-12-02 13:25:41.599] [INFO ] Setting role for user admin: admin (converted to: admin)
[2025-12-02 13:25:41.600] [INFO ] Role restrictions applied - Client:1 Commande:1 Stock:1 Transaction:1 Employee:1
[2025-12-02 13:25:41.603] [INFO ] Opened Employee tab for role: admin
[2025-12-02 13:25:42.512] [INFO ] MainWindow created and shown successfully
[2025-12-02 13:26:15.752] [INFO ] === VoltShop Application Exited with code 0 ===
[2025-12-02 13:26:15.753] [INFO ] Login dialog destroyed
[2025-12-02 13:26:15.821] [INFO ] === Logger shutting down ===
[2025-12-02 13:28:54.065] [INFO ] === Logger initialized ===
[2025-12-02 13:28:54.067] [INFO ] Signal handlers installed
[2025-12-02 13:28:54.067] [INFO ] === VoltShop Application Started ===
[2025-12-02 13:28:54.498] [INFO ] Database connection established successfully
[2025-12-02 13:28:54.659] [INFO ] Login dialog created
[2025-12-02 13:29:01.756] [INFO ] Login attempt for user: admin
[2025-12-02 13:29:01.759] [INFO ] Retrieved role from database: 'admin' for user: admin
[2025-12-02 13:29:01.759] [DEBUG] Using plain text password verification for user: admin
[2025-12-02 13:29:01.759] [DEBUG] User authenticated - Role: admin, TOTP: not set
[2025-12-02 13:29:01.760] [INFO ] User admin authenticated successfully, role: admin
[2025-12-02 13:29:01.760] [INFO ] User admin does not have 2FA enabled
[2025-12-02 13:29:03.631] [INFO ] User admin declined 2FA enrollment, proceeding without 2FA
[2025-12-02 13:29:03.635] [INFO ] Full authentication successful for user: admin
[2025-12-02 13:29:03.635] [INFO ] Scheduling MainWindow creation for user: admin with role: admin
[2025-12-02 13:29:03.635] [INFO ] Creating MainWindow instance
[2025-12-02 13:29:04.180] [INFO ] MainWindow constructor started
[2025-12-02 13:29:04.180] [INFO ] ExcelExporter initialized, script path: C:/Users/DELL/OneDrive/Pictures/Documents/mrgla/Version_FINAL V3/Verion_FINALE/Verion_FINALE/python_scripts/financial_export.py
[2025-12-02 13:29:04.412] [INFO ] Setting role for user admin: admin (converted to: admin)
[2025-12-02 13:29:04.412] [INFO ] Role restrictions applied - Client:1 Commande:1 Stock:1 Transaction:1 Employee:1
[2025-12-02 13:29:04.414] [INFO ] Opened Employee tab for role: admin
[2025-12-02 13:29:05.358] [INFO ] MainWindow created and shown successfully
[2025-12-02 13:29:32.144] [INFO ] === VoltShop Application Exited with code 0 ===
[2025-12-02 13:29:32.144] [INFO ] Login dialog destroyed
[2025-12-02 13:29:32.201] [INFO ] === Logger shutting down ===
[2025-12-02 13:36:48.967] [INFO ] === Logger initialized ===
[2025-12-02 13:36:48.969] [INFO ] Signal handlers installed
[2025-12-02 13:36:48.970] [INFO ] === VoltShop Application Started ===
[2025-12-02 13:36:49.455] [INFO ] Database connection established successfully
[2025-12-02 13:36:49.630] [INFO ] Login dialog created
[2025-12-02 13:36:57.799] [INFO ] Login attempt for user: admin
[2025-12-02 13:36:57.804] [INFO ] Retrieved role from database: 'admin' for user: admin
[2025-12-02 13:36:57.804] [DEBUG] Using plain text password verification for user: admin
[2025-12-02 13:36:57.804] [DEBUG] User authenticated - Role: admin, TOTP: not set
[2025-12-02 13:36:57.806] [INFO ] User admin authenticated successfully, role: admin
[2025-12-02 13:36:57.806] [INFO ] User admin does not have 2FA enabled
[2025-12-02 13:36:59.478] [INFO ] User admin declined 2FA enrollment, proceeding without 2FA
[2025-12-02 13:36:59.479] [INFO ] Full authentication successful for user: admin
[2025-12-02 13:36:59.480] [INFO ] Scheduling MainWindow creation for user: admin with role: admin
[2025-12-02 13:36:59.480] [INFO ] Creating MainWindow instance
[2025-12-02 13:37:00.091] [INFO ] MainWindow constructor started
[2025-12-02 13:37:00.091] [INFO ] ExcelExporter initialized, script path: C:/Users/DELL/OneDrive/Pictures/Documents/mrgla/Version_FINAL V3/Verion_FINALE/Verion_FINALE/python_scripts/financial_export.py
[2025-12-02 13:37:00.347] [INFO ] Setting role for user admin: admin (converted to: admin)
[2025-12-02 13:37:00.347] [INFO ] Role restrictions applied - Client:1 Commande:1 Stock:1 Transaction:1 Employee:1
[2025-12-02 13:37:00.350] [INFO ] Opened Employee tab for role: admin
[2025-12-02 13:37:01.320] [INFO ] MainWindow created and shown successfully
[2025-12-02 13:41:11.884] [INFO ] === VoltShop Application Exited with code 0 ===
[2025-12-02 13:41:11.886] [INFO ] Login dialog destroyed
[2025-12-02 13:41:11.953] [INFO ] === Logger shutting down ===
[2025-12-02 13:51:21.068] [INFO ] === Logger initialized ===
[2025-12-02 13:51:21.069] [INFO ] Signal handlers installed
[2025-12-02 13:51:21.069] [INFO ] === VoltShop Application Started ===
[2025-12-02 13:51:21.483] [INFO ] Database connection established successfully
[2025-12-02 13:51:21.645] [INFO ] Login dialog created
[2025-12-02 13:51:31.995] [INFO ] Login attempt for user: admin
[2025-12-02 13:51:31.998] [INFO ] Retrieved role from database: 'admin' for user: admin
[2025-12-02 13:51:31.999] [DEBUG] Using plain text password verification for user: admin
[2025-12-02 13:51:31.999] [DEBUG] User authenticated - Role: admin, TOTP: not set
[2025-12-02 13:51:31.999] [INFO ] User admin authenticated successfully, role: admin
[2025-12-02 13:51:32.000] [INFO ] User admin does not have 2FA enabled
[2025-12-02 13:51:33.979] [INFO ] User admin declined 2FA enrollment, proceeding without 2FA
[2025-12-02 13:51:33.979] [INFO ] Full authentication successful for user: admin
[2025-12-02 13:51:33.979] [INFO ] Scheduling MainWindow creation for user: admin with role: admin
[2025-12-02 13:51:33.983] [INFO ] Creating MainWindow instance
[2025-12-02 13:51:34.544] [INFO ] MainWindow constructor started
[2025-12-02 13:51:34.544] [INFO ] ExcelExporter initialized, script path: C:/Users/DELL/OneDrive/Pictures/Documents/mrgla/Version_FINAL V3/Verion_FINALE/Verion_FINALE/python_scripts/financial_export.py
[2025-12-02 13:51:34.851] [INFO ] Setting role for user admin: admin (converted to: admin)
[2025-12-02 13:51:34.852] [INFO ] Role restrictions applied - Client:1 Commande:1 Stock:1 Transaction:1 Employee:1
[2025-12-02 13:51:34.853] [INFO ] Opened Employee tab for role: admin
[2025-12-02 13:51:35.705] [INFO ] MainWindow created and shown successfully
[2025-12-02 13:52:50.208] [INFO ] === VoltShop Application Exited with code 0 ===
[2025-12-02 13:52:50.208] [INFO ] Login dialog destroyed
[2025-12-02 13:52:50.256] [INFO ] === Logger shutting down ===
[2025-12-02 14:14:07.552] [INFO ] === Logger initialized ===
[2025-12-02 14:14:07.554] [INFO ] Signal handlers installed
[2025-12-02 14:14:07.554] [INFO ] === VoltShop Application Started ===
[2025-12-02 14:14:07.965] [INFO ] Database connection established successfully
[2025-12-02 14:14:08.138] [INFO ] Login dialog created
[2025-12-02 14:14:19.995] [INFO ] Login attempt for user: admin
[2025-12-02 14:14:20.012] [INFO ] Retrieved role from database: 'admin' for user: admin
[2025-12-02 14:14:20.012] [DEBUG] Using plain text password verification for user: admin
[2025-12-02 14:14:20.012] [DEBUG] User authenticated - Role: admin, TOTP: not set
[2025-12-02 14:14:20.012] [INFO ] User admin authenticated successfully, role: admin
[2025-12-02 14:14:20.013] [INFO ] User admin does not have 2FA enabled
[2025-12-02 14:14:21.613] [INFO ] User admin declined 2FA enrollment, proceeding without 2FA
[2025-12-02 14:14:21.613] [INFO ] Full authentication successful for user: admin
[2025-12-02 14:14:21.613] [INFO ] Scheduling MainWindow creation for user: admin with role: admin
[2025-12-02 14:14:21.613] [INFO ] Creating MainWindow instance
[2025-12-02 14:14:22.185] [INFO ] MainWindow constructor started
[2025-12-02 14:14:22.192] [INFO ] ExcelExporter initialized, script path: C:/Users/DELL/OneDrive/Pictures/Documents/mrgla/Version_FINAL V3/Verion_FINALE/Verion_FINALE/python_scripts/financial_export.py
[2025-12-02 14:14:22.413] [INFO ] Setting role for user admin: admin (converted to: admin)
[2025-12-02 14:14:22.414] [INFO ] Role restrictions applied - Client:1 Commande:1 Stock:1 Transaction:1 Employee:1
[2025-12-02 14:14:22.415] [INFO ] Opened Employee tab for role: admin
[2025-12-02 14:14:23.295] [INFO ] MainWindow created and shown successfully
[2025-12-02 14:15:31.884] [INFO ] === VoltShop Application Exited with code 0 ===
[2025-12-02 14:15:31.884] [INFO ] Login dialog destroyed
[2025-12-02 14:15:31.950] [INFO ] === Logger shutting down ===
[2025-12-02 14:17:32.895] [INFO ] === Logger initialized ===
[2025-12-02 14:17:32.896] [INFO ] Signal handlers installed
[2025-12-02 14:17:32.896] [INFO ] === VoltShop Application Started ===
[2025-12-02 14:17:33.310] [INFO ] Database connection established successfully
[2025-12-02 14:17:33.511] [INFO ] Login dialog created
[2025-12-02 14:17:40.468] [INFO ] Login attempt for user: admin
[2025-12-02 14:17:40.477] [INFO ] Retrieved role from database: 'admin' for user: admin
[2025-12-02 14:17:40.478] [DEBUG] Using plain text password verification for user: admin
[2025-12-02 14:17:40.479] [DEBUG] User authenticated - Role: admin, TOTP: not set
[2025-12-02 14:17:40.479] [INFO ] User admin authenticated successfully, role: admin
[2025-12-02 14:17:40.480] [INFO ] User admin does not have 2FA enabled
[2025-12-02 14:17:42.265] [INFO ] User admin declined 2FA enrollment, proceeding without 2FA
[2025-12-02 14:17:42.267] [INFO ] Full authentication successful for user: admin
[2025-12-02 14:17:42.267] [INFO ] Scheduling MainWindow creation for user: admin with role: admin
[2025-12-02 14:17:42.267] [INFO ] Creating MainWindow instance
[2025-12-02 14:17:42.805] [INFO ] MainWindow constructor started
[2025-12-02 14:17:42.805] [INFO ] ExcelExporter initialized, script path: C:/Users/DELL/OneDrive/Pictures/Documents/mrgla/Version_FINAL V3/Verion_FINALE/Verion_FINALE/python_scripts/financial_export.py
[2025-12-02 14:17:43.090] [INFO ] Setting role for user admin: admin (converted to: admin)
[2025-12-02 14:17:43.092] [INFO ] Role restrictions applied - Client:1 Commande:1 Stock:1 Transaction:1 Employee:1
[2025-12-02 14:17:43.095] [INFO ] Opened Employee tab for role: admin
[2025-12-02 14:17:43.985] [INFO ] MainWindow created and shown successfully
[2025-12-02 14:17:57.397] [INFO ] === VoltShop Application Exited with code 0 ===
[2025-12-02 14:17:57.398] [INFO ] Login dialog destroyed
[2025-12-02 14:17:57.461] [INFO ] === Logger shutting down ===
[2025-12-02 14:27:02.576] [INFO ] === Logger initialized ===
[2025-12-02 14:27:02.578] [INFO ] Signal handlers installed
[2025-12-02 14:27:02.578] [INFO ] === VoltShop Application Started ===
[2025-12-02 14:27:03.004] [INFO ] Database connection established successfully
[2025-12-02 14:27:03.171] [INFO ] Login dialog created
[2025-12-02 14:27:10.886] [INFO ] Login attempt for user: admin
[2025-12-02 14:27:10.889] [INFO ] Retrieved role from database: 'admin' for user: admin
[2025-12-02 14:27:10.889] [DEBUG] Using plain text password verification for user: admin
[2025-12-02 14:27:10.889] [DEBUG] User authenticated - Role: admin, TOTP: not set
[2025-12-02 14:27:10.890] [INFO ] User admin authenticated successfully, role: admin
[2025-12-02 14:27:10.890] [INFO ] User admin does not have 2FA enabled
[2025-12-02 14:27:13.072] [INFO ] User admin declined 2FA enrollment, proceeding without 2FA
[2025-12-02 14:27:13.073] [INFO ] Full authentication successful for user: admin
[2025-12-02 14:27:13.073] [INFO ] Scheduling MainWindow creation for user: admin with role: admin
[2025-12-02 14:27:13.073] [INFO ] Creating MainWindow instance
[2025-12-02 14:27:13.645] [INFO ] MainWindow constructor started
[2025-12-02 14:27:13.647] [INFO ] ExcelExporter initialized, script path: C:/Users/DELL/OneDrive/Pictures/Documents/mrgla/Version_FINAL V3/Verion_FINALE/Verion_FINALE/python_scripts/financial_export.py
[2025-12-02 14:27:13.899] [INFO ] Setting role for user admin: admin (converted to: admin)
[2025-12-02 14:27:13.902] [INFO ] Role restrictions applied - Client:1 Commande:1 Stock:1 Transaction:1 Employee:1
[2025-12-02 14:27:13.904] [INFO ] Opened Employee tab for role: admin
[2025-12-02 14:27:14.815] [INFO ] MainWindow created and shown successfully
[2025-12-02 14:27:45.684] [INFO ] === VoltShop Application Exited with code 0 ===
[2025-12-02 14:27:45.684] [INFO ] Login dialog destroyed
[2025-12-02 14:27:45.741] [INFO ] === Logger shutting down ===
[2025-12-02 14:33:31.555] [INFO ] === Logger initialized ===
[2025-12-02 14:33:31.557] [INFO ] Signal handlers installed
[2025-12-02 14:33:31.558] [INFO ] === VoltShop Application Started ===
[2025-12-02 14:33:32.007] [INFO ] Database connection established successfully
[2025-12-02 14:33:32.212] [INFO ] Login dialog created
[2025-12-02 14:33:39.323] [INFO ] Login attempt for user: admin
[2025-12-02 14:33:39.326] [INFO ] Retrieved role from database: 'admin' for user: admin
[2025-12-02 14:33:39.326] [DEBUG] Using plain text password verification for user: admin
[2025-12-02 14:33:39.326] [DEBUG] User authenticated - Role: admin, TOTP: not set
[2025-12-02 14:33:39.326] [INFO ] User admin authenticated successfully, role: admin
[2025-12-02 14:33:39.326] [INFO ] User admin does not have 2FA enabled
[2025-12-02 14:33:41.140] [INFO ] User admin declined 2FA enrollment, proceeding without 2FA
[2025-12-02 14:33:41.146] [INFO ] Full authentication successful for user: admin
[2025-12-02 14:33:41.146] [INFO ] Scheduling MainWindow creation for user: admin with role: admin
[2025-12-02 14:33:41.146] [INFO ] Creating MainWindow instance
[2025-12-02 14:33:41.647] [INFO ] MainWindow constructor started
[2025-12-02 14:33:41.653] [INFO ] ExcelExporter initialized, script path: C:/Users/DELL/OneDrive/Pictures/Documents/mrgla/Version_FINAL V3/Verion_FINALE/Verion_FINALE/python_scripts/financial_export.py
[2025-12-02 14:33:41.914] [INFO ] Setting role for user admin: admin (converted to: admin)
[2025-12-02 14:33:41.916] [INFO ] Role restrictions applied - Client:1 Commande:1 Stock:1 Transaction:1 Employee:1
[2025-12-02 14:33:41.918] [INFO ] Opened Employee tab for role: admin
[2025-12-02 14:33:42.904] [INFO ] MainWindow created and shown successfully
[2025-12-02 14:34:16.657] [INFO ] === VoltShop Application Exited with code 0 ===
[2025-12-02 14:34:16.657] [INFO ] Login dialog destroyed
[2025-12-02 14:34:16.718] [INFO ] === Logger shutting down ===
[2025-12-02 14:38:56.031] [INFO ] === Logger initialized ===
[2025-12-02 14:38:56.033] [INFO ] Signal handlers installed
[2025-12-02 14:38:56.033] [INFO ] === VoltShop Application Started ===
[2025-12-02 14:38:56.447] [INFO ] Database connection established successfully
[2025-12-02 14:38:56.596] [INFO ] Login dialog created
[2025-12-02 14:39:03.308] [INFO ] Login attempt for user: admin
[2025-12-02 14:39:03.318] [INFO ] Retrieved role from database: 'admin' for user: admin
[2025-12-02 14:39:03.320] [DEBUG] Using plain text password verification for user: admin
[2025-12-02 14:39:03.320] [DEBUG] User authenticated - Role: admin, TOTP: not set
[2025-12-02 14:39:03.320] [INFO ] User admin authenticated successfully, role: admin
[2025-12-02 14:39:03.320] [INFO ] User admin does not have 2FA enabled
[2025-12-02 14:39:04.975] [INFO ] User admin declined 2FA enrollment, proceeding without 2FA
[2025-12-02 14:39:04.975] [INFO ] Full authentication successful for user: admin
[2025-12-02 14:39:04.978] [INFO ] Scheduling MainWindow creation for user: admin with role: admin
[2025-12-02 14:39:04.978] [INFO ] Creating MainWindow instance
[2025-12-02 14:39:05.534] [INFO ] MainWindow constructor started
[2025-12-02 14:39:05.543] [INFO ] ExcelExporter initialized, script path: C:/Users/DELL/OneDrive/Pictures/Documents/mrgla/Version_FINAL V3/Verion_FINALE/Verion_FINALE/python_scripts/financial_export.py
[2025-12-02 14:39:05.823] [INFO ] Setting role for user admin: admin (converted to: admin)
[2025-12-02 14:39:05.824] [INFO ] Role restrictions applied - Client:1 Commande:1 Stock:1 Transaction:1 Employee:1
[2025-12-02 14:39:05.825] [INFO ] Opened Employee tab for role: admin
[2025-12-02 14:39:06.738] [INFO ] MainWindow created and shown successfully
[2025-12-02 14:39:38.630] [INFO ] === VoltShop Application Exited with code 0 ===
[2025-12-02 14:39:38.630] [INFO ] Login dialog destroyed
[2025-12-02 14:39:38.697] [INFO ] === Logger shutting down ===
[2025-12-02 14:47:47.787] [INFO ] === Logger initialized ===
[2025-12-02 14:47:47.789] [INFO ] Signal handlers installed
[2025-12-02 14:47:47.789] [INFO ] === VoltShop Application Started ===
[2025-12-02 14:47:48.205] [INFO ] Database connection established successfully
[2025-12-02 14:47:48.363] [INFO ] Login dialog created
[2025-12-02 14:47:56.286] [INFO ] Login attempt for user: admin
[2025-12-02 14:47:56.289] [INFO ] Retrieved role from database: 'admin' for user: admin
[2025-12-02 14:47:56.290] [DEBUG] Using plain text password verification for user: admin
[2025-12-02 14:47:56.290] [DEBUG] User authenticated - Role: admin, TOTP: not set
[2025-12-02 14:47:56.291] [INFO ] User admin authenticated successfully, role: admin
[2025-12-02 14:47:56.291] [INFO ] User admin does not have 2FA enabled
[2025-12-02 14:47:58.348] [INFO ] User admin declined 2FA enrollment, proceeding without 2FA
[2025-12-02 14:47:58.354] [INFO ] Full authentication successful for user: admin
[2025-12-02 14:47:58.354] [INFO ] Scheduling MainWindow creation for user: admin with role: admin
[2025-12-02 14:47:58.354] [INFO ] Creating MainWindow instance
[2025-12-02 14:47:58.844] [INFO ] MainWindow constructor started
[2025-12-02 14:47:58.846] [INFO ] ExcelExporter initialized, script path: C:/Users/DELL/OneDrive/Pictures/Documents/mrgla/Version_FINAL V3/Verion_FINALE/Verion_FINALE/python_scripts/financial_export.py
[2025-12-02 14:47:59.046] [INFO ] Setting role for user admin: admin (converted to: admin)
[2025-12-02 14:47:59.046] [INFO ] Role restrictions applied - Client:1 Commande:1 Stock:1 Transaction:1 Employee:1
[2025-12-02 14:47:59.049] [INFO ] Opened Employee tab for role: admin
[2025-12-02 14:47:59.906] [INFO ] MainWindow created and shown successfully
[2025-12-02 14:48:24.519] [INFO ] === VoltShop Application Exited with code 0 ===
[2025-12-02 14:48:24.519] [INFO ] Login dialog destroyed
[2025-12-02 14:48:24.567] [INFO ] === Logger shutting down ===
[2025-12-02 14:53:50.317] [INFO ] === Logger initialized ===
[2025-12-02 14:53:50.319] [INFO ] Signal handlers installed
[2025-12-02 14:53:50.319] [INFO ] === VoltShop Application Started ===
[2025-12-02 14:53:50.725] [INFO ] Database connection established successfully
[2025-12-02 14:53:50.878] [INFO ] Login dialog created
[2025-12-02 14:53:57.296] [INFO ] Login attempt for user: admin
[2025-12-02 14:53:57.300] [INFO ] Retrieved role from database: 'admin' for user: admin
[2025-12-02 14:53:57.300] [DEBUG] Using plain text password verification for user: admin
[2025-12-02 14:53:57.300] [DEBUG] User authenticated - Role: admin, TOTP: not set
[2025-12-02 14:53:57.300] [INFO ] User admin authenticated successfully, role: admin
[2025-12-02 14:53:57.302] [INFO ] User admin does not have 2FA enabled
[2025-12-02 14:53:59.214] [INFO ] User admin declined 2FA enrollment, proceeding without 2FA
[2025-12-02 14:53:59.214] [INFO ] Full authentication successful for user: admin
[2025-12-02 14:53:59.214] [INFO ] Scheduling MainWindow creation for user: admin with role: admin
[2025-12-02 14:53:59.214] [INFO ] Creating MainWindow instance
[2025-12-02 14:53:59.754] [INFO ] MainWindow constructor started
[2025-12-02 14:53:59.756] [INFO ] ExcelExporter initialized, script path: C:/Users/DELL/OneDrive/Pictures/Documents/mrgla/Version_FINAL V3/Verion_FINALE/Verion_FINALE/python_scripts/financial_export.py
[2025-12-02 14:53:59.954] [INFO ] Setting role for user admin: admin (converted to: admin)
[2025-12-02 14:53:59.954] [INFO ] Role restrictions applied - Client:1 Commande:1 Stock:1 Transaction:1 Employee:1
[2025-12-02 14:53:59.956] [INFO ] Opened Employee tab for role: admin
[2025-12-02 14:54:00.824] [INFO ] MainWindow created and shown successfully
[2025-12-02 14:56:00.584] [INFO ] === VoltShop Application Exited with code 0 ===
[2025-12-02 14:56:00.584] [INFO ] Login dialog destroyed
[2025-12-02 14:56:00.651] [INFO ] === Logger shutting down ===
[2025-12-02 15:02:05.949] [INFO ] === Logger initialized ===
[2025-12-02 15:02:05.950] [INFO ] Signal handlers installed
[2025-12-02 15:02:05.950] [INFO ] === VoltShop Application Started ===
[2025-12-02 15:02:06.349] [INFO ] Database connection established successfully
[2025-12-02 15:02:06.496] [INFO ] Login dialog created
[2025-12-02 15:02:13.518] [INFO ] Login attempt for user: admin
[2025-12-02 15:02:13.521] [INFO ] Retrieved role from database: 'admin' for user: admin
[2025-12-02 15:02:13.522] [DEBUG] Using plain text password verification for user: admin
[2025-12-02 15:02:13.523] [DEBUG] User authenticated - Role: admin, TOTP: not set
[2025-12-02 15:02:13.523] [INFO ] User admin authenticated successfully, role: admin
[2025-12-02 15:02:13.523] [INFO ] User admin does not have 2FA enabled
[2025-12-02 15:02:15.477] [INFO ] User admin declined 2FA enrollment, proceeding without 2FA
[2025-12-02 15:02:15.477] [INFO ] Full authentication successful for user: admin
[2025-12-02 15:02:15.479] [INFO ] Scheduling MainWindow creation for user: admin with role: admin
[2025-12-02 15:02:15.480] [INFO ] Creating MainWindow instance
[2025-12-02 15:02:15.980] [INFO ] MainWindow constructor started
[2025-12-02 15:02:15.980] [INFO ] ExcelExporter initialized, script path: C:/Users/DELL/OneDrive/Pictures/Documents/mrgla/Version_FINAL V3/Verion_FINALE/Verion_FINALE/python_scripts/financial_export.py
[2025-12-02 15:02:16.187] [INFO ] Setting role for user admin: admin (converted to: admin)
[2025-12-02 15:02:16.187] [INFO ] Role restrictions applied - Client:1 Commande:1 Stock:1 Transaction:1 Employee:1
[2025-12-02 15:02:16.189] [INFO ] Opened Employee tab for role: admin
[2025-12-02 15:02:17.064] [INFO ] MainWindow created and shown successfully
[2025-12-02 15:02:41.470] [INFO ] === VoltShop Application Exited with code 0 ===
[2025-12-02 15:02:41.470] [INFO ] Login dialog destroyed
[2025-12-02 15:02:41.515] [INFO ] === Logger shutting down ===
[2025-12-02 15:09:42.556] [INFO ] === Logger initialized ===
[2025-12-02 15:09:42.557] [INFO ] Signal handlers installed
[2025-12-02 15:09:42.558] [INFO ] === VoltShop Application Started ===
[2025-12-02 15:09:42.950] [INFO ] Database connection established successfully
[2025-12-02 15:09:43.098] [INFO ] Login dialog created
[2025-12-02 15:09:50.718] [INFO ] Login attempt for user: admin
[2025-12-02 15:09:50.722] [INFO ] Retrieved role from database: 'admin' for user: admin
[2025-12-02 15:09:50.723] [DEBUG] Using plain text password verification for user: admin
[2025-12-02 15:09:50.723] [DEBUG] User authenticated - Role: admin, TOTP: not set
[2025-12-02 15:09:50.724] [INFO ] User admin authenticated successfully, role: admin
[2025-12-02 15:09:50.724] [INFO ] User admin does not have 2FA enabled
[2025-12-02 15:09:52.135] [INFO ] User admin declined 2FA enrollment, proceeding without 2FA
[2025-12-02 15:09:52.135] [INFO ] Full authentication successful for user: admin
[2025-12-02 15:09:52.135] [INFO ] Scheduling MainWindow creation for user: admin with role: admin
[2025-12-02 15:09:52.135] [INFO ] Creating MainWindow instance
[2025-12-02 15:09:52.653] [INFO ] MainWindow constructor started
[2025-12-02 15:09:52.665] [INFO ] ExcelExporter initialized, script path: C:/Users/DELL/OneDrive/Pictures/Documents/mrgla/Version_FINAL V3/Verion_FINALE/Verion_FINALE/python_scripts/financial_export.py
[2025-12-02 15:09:52.870] [INFO ] Setting role for user admin: admin (converted to: admin)
[2025-12-02 15:09:52.870] [INFO ] Role restrictions applied - Client:1 Commande:1 Stock:1 Transaction:1 Employee:1
[2025-12-02 15:09:52.873] [INFO ] Opened Employee tab for role: admin
[2025-12-02 15:09:53.755] [INFO ] MainWindow created and shown successfully
[2025-12-02 15:17:32.652] [INFO ] === Logger initialized ===
[2025-12-02 15:17:32.653] [INFO ] Signal handlers installed
[2025-12-02 15:17:32.653] [INFO ] === VoltShop Application Started ===
[2025-12-02 15:17:33.097] [INFO ] Database connection established successfully
[2025-12-02 15:17:33.249] [INFO ] Login dialog created
[2025-12-02 15:17:40.767] [INFO ] Login attempt for user: admin
[2025-12-02 15:17:40.772] [INFO ] Retrieved role from database: 'admin' for user: admin
[2025-12-02 15:17:40.772] [DEBUG] Using plain text password verification for user: admin
[2025-12-02 15:17:40.773] [DEBUG] User authenticated - Role: admin, TOTP: not set
[2025-12-02 15:17:40.773] [INFO ] User admin authenticated successfully, role: admin
[2025-12-02 15:17:40.775] [INFO ] User admin does not have 2FA enabled
[2025-12-02 15:17:42.855] [INFO ] User admin declined 2FA enrollment, proceeding without 2FA
[2025-12-02 15:17:42.855] [INFO ] Full authentication successful for user: admin
[2025-12-02 15:17:42.857] [INFO ] Scheduling MainWindow creation for user: admin with role: admin
[2025-12-02 15:17:42.858] [INFO ] Creating MainWindow instance
[2025-12-02 15:17:43.373] [INFO ] MainWindow constructor started
[2025-12-02 15:17:43.373] [INFO ] ExcelExporter initialized, script path: C:/Users/DELL/OneDrive/Pictures/Documents/mrgla/Version_FINAL V3/Verion_FINALE/Verion_FINALE/python_scripts/financial_export.py
[2025-12-02 15:17:43.573] [INFO ] Setting role for user admin: admin (converted to: admin)
[2025-12-02 15:17:43.573] [INFO ] Role restrictions applied - Client:1 Commande:1 Stock:1 Transaction:1 Employee:1
[2025-12-02 15:17:43.577] [INFO ] Opened Employee tab for role: admin
[2025-12-02 15:17:44.433] [INFO ] MainWindow created and shown successfully
[2025-12-02 15:18:17.045] [INFO ] === VoltShop Application Exited with code 0 ===
[2025-12-02 15:18:17.046] [INFO ] Login dialog destroyed
[2025-12-02 15:18:17.124] [INFO ] === Logger shutting down ===
[2025-12-02 15:20:57.735] [INFO ] === Logger initialized ===
[2025-12-02 15:20:57.737] [INFO ] Signal handlers installed
[2025-12-02 15:20:57.737] [INFO ] === VoltShop Application Started ===
[2025-12-02 15:20:58.112] [INFO ] Database connection established successfully
[2025-12-02 15:20:58.262] [INFO ] Login dialog created
[2025-12-02 15:21:09.679] [INFO ] Login attempt for user: admin
[2025-12-02 15:21:09.684] [INFO ] Retrieved role from database: 'admin' for user: admin
[2025-12-02 15:21:09.684] [DEBUG] Using plain text password verification for user: admin
[2025-12-02 15:21:09.684] [DEBUG] User authenticated - Role: admin, TOTP: not set
[2025-12-02 15:21:09.684] [INFO ] User admin authenticated successfully, role: admin
[2025-12-02 15:21:09.684] [INFO ] User admin does not have 2FA enabled
[2025-12-02 15:21:10.857] [INFO ] User admin declined 2FA enrollment, proceeding without 2FA
[2025-12-02 15:21:10.857] [INFO ] Full authentication successful for user: admin
[2025-12-02 15:21:10.864] [INFO ] Scheduling MainWindow creation for user: admin with role: admin
[2025-12-02 15:21:10.865] [INFO ] Creating MainWindow instance
[2025-12-02 15:21:11.364] [INFO ] MainWindow constructor started
[2025-12-02 15:21:11.370] [INFO ] ExcelExporter initialized, script path: C:/Users/DELL/OneDrive/Pictures/Documents/mrgla/Version_FINAL V3/Verion_FINALE/Verion_FINALE/python_scripts/financial_export.py
[2025-12-02 15:21:11.571] [INFO ] Setting role for user admin: admin (converted to: admin)
[2025-12-02 15:21:11.571] [INFO ] Role restrictions applied - Client:1 Commande:1 Stock:1 Transaction:1 Employee:1
[2025-12-02 15:21:11.573] [INFO ] Opened Employee tab for role: admin
[2025-12-02 15:21:12.424] [INFO ] MainWindow created and shown successfully
[2025-12-02 15:46:49.715] [INFO ] === Logger initialized ===
[2025-12-02 15:46:49.716] [INFO ] Signal handlers installed
[2025-12-02 15:46:49.716] [INFO ] === VoltShop Application Started ===
[2025-12-02 15:46:50.104] [INFO ] Database connection established successfully
[2025-12-02 15:46:50.240] [INFO ] Login dialog created
[2025-12-02 15:46:59.411] [INFO ] Login attempt for user: admin
[2025-12-02 15:46:59.414] [INFO ] Retrieved role from database: 'admin' for user: admin
[2025-12-02 15:46:59.414] [DEBUG] Using plain text password verification for user: admin
[2025-12-02 15:46:59.415] [DEBUG] User authenticated - Role: admin, TOTP: not set
[2025-12-02 15:46:59.415] [INFO ] User admin authenticated successfully, role: admin
[2025-12-02 15:46:59.416] [INFO ] User admin does not have 2FA enabled
[2025-12-02 15:47:01.426] [INFO ] User admin declined 2FA enrollment, proceeding without 2FA
[2025-12-02 15:47:01.432] [INFO ] Full authentication successful for user: admin
[2025-12-02 15:47:01.432] [INFO ] Scheduling MainWindow creation for user: admin with role: admin
[2025-12-02 15:47:01.432] [INFO ] Creating MainWindow instance
[2025-12-02 15:47:01.942] [INFO ] MainWindow constructor started
[2025-12-02 15:47:01.944] [INFO ] ExcelExporter initialized, script path: C:/Users/DELL/OneDrive/Pictures/Documents/mrgla/Version_FINAL V3/Verion_FINALE/Verion_FINALE/python_scripts/financial_export.py
[2025-12-02 15:47:02.143] [INFO ] Setting role for user admin: admin (converted to: admin)
[2025-12-02 15:47:02.143] [INFO ] Role restrictions applied - Client:1 Commande:1 Stock:1 Transaction:1 Employee:1
[2025-12-02 15:47:02.146] [INFO ] Opened Employee tab for role: admin
[2025-12-02 15:47:03.032] [INFO ] MainWindow created and shown successfully
[2025-12-02 15:47:23.868] [INFO ] === VoltShop Application Exited with code 0 ===
[2025-12-02 15:47:23.869] [INFO ] Login dialog destroyed
[2025-12-02 15:47:23.909] [INFO ] === Logger shutting down ===
[2025-12-02 15:55:00.742] [INFO ] === Logger initialized ===
[2025-12-02 15:55:00.743] [INFO ] Signal handlers installed
[2025-12-02 15:55:00.743] [INFO ] === VoltShop Application Started ===
[2025-12-02 15:55:01.154] [INFO ] Database connection established successfully
[2025-12-02 15:55:01.309] [INFO ] Login dialog created
[2025-12-02 15:55:09.996] [INFO ] Login attempt for user: admin
[2025-12-02 15:55:10.014] [INFO ] Retrieved role from database: 'admin' for user: admin
[2025-12-02 15:55:10.015] [DEBUG] Using plain text password verification for user: admin
[2025-12-02 15:55:10.015] [DEBUG] User authenticated - Role: admin, TOTP: not set
[2025-12-02 15:55:10.016] [INFO ] User admin authenticated successfully, role: admin
[2025-12-02 15:55:10.016] [INFO ] User admin does not have 2FA enabled
[2025-12-02 15:55:12.016] [INFO ] User admin declined 2FA enrollment, proceeding without 2FA
[2025-12-02 15:55:12.019] [INFO ] Full authentication successful for user: admin
[2025-12-02 15:55:12.019] [INFO ] Scheduling MainWindow creation for user: admin with role: admin
[2025-12-02 15:55:12.020] [INFO ] Creating MainWindow instance
[2025-12-02 15:55:12.542] [INFO ] MainWindow constructor started
[2025-12-02 15:55:12.545] [INFO ] ExcelExporter initialized, script path: C:/Users/DELL/OneDrive/Pictures/Documents/mrgla/Version_FINAL V3/Verion_FINALE/Verion_FINALE/python_scripts/financial_export.py
[2025-12-02 15:55:12.735] [INFO ] Setting role for user admin: admin (converted to: admin)
[2025-12-02 15:55:12.736] [INFO ] Role restrictions applied - Client:1 Commande:1 Stock:1 Transaction:1 Employee:1
[2025-12-02 15:55:12.737] [INFO ] Opened Employee tab for role: admin
[2025-12-02 15:55:13.616] [INFO ] MainWindow created and shown successfully
[2025-12-02 15:59:27.608] [INFO ] === VoltShop Application Exited with code 0 ===
[2025-12-02 15:59:27.609] [INFO ] Login dialog destroyed
[2025-12-02 15:59:27.683] [INFO ] === Logger shutting down ===
[2025-12-02 16:01:06.022] [INFO ] === Logger initialized ===
[2025-12-02 16:01:06.022] [INFO ] Signal handlers installed
[2025-12-02 16:01:06.022] [INFO ] === VoltShop Application Started ===
[2025-12-02 16:01:06.408] [INFO ] Database connection established successfully
[2025-12-02 16:01:06.551] [INFO ] Login dialog created
[2025-12-02 16:01:14.003] [INFO ] Login attempt for user: admin
[2025-12-02 16:01:14.011] [INFO ] Retrieved role from database: 'admin' for user: admin
[2025-12-02 16:01:14.011] [DEBUG] Using plain text password verification for user: admin
[2025-12-02 16:01:14.012] [DEBUG] User authenticated - Role: admin, TOTP: not set
[2025-12-02 16:01:14.012] [INFO ] User admin authenticated successfully, role: admin
[2025-12-02 16:01:14.012] [INFO ] User admin does not have 2FA enabled
[2025-12-02 16:01:15.343] [INFO ] User admin declined 2FA enrollment, proceeding without 2FA
[2025-12-02 16:01:15.355] [INFO ] Full authentication successful for user: admin
[2025-12-02 16:01:15.355] [INFO ] Scheduling MainWindow creation for user: admin with role: admin
[2025-12-02 16:01:15.355] [INFO ] Creating MainWindow instance
[2025-12-02 16:01:15.870] [INFO ] MainWindow constructor started
[2025-12-02 16:01:15.870] [INFO ] ExcelExporter initialized, script path: C:/Users/DELL/OneDrive/Pictures/Documents/mrgla/Version_FINAL V3/Verion_FINALE/Verion_FINALE/python_scripts/financial_export.py
[2025-12-02 16:01:16.067] [INFO ] Setting role for user admin: admin (converted to: admin)
[2025-12-02 16:01:16.070] [INFO ] Role restrictions applied - Client:1 Commande:1 Stock:1 Transaction:1 Employee:1
[2025-12-02 16:01:16.070] [INFO ] Opened Employee tab for role: admin
[2025-12-02 16:01:16.904] [INFO ] MainWindow created and shown successfully
[2025-12-02 16:01:22.332] [INFO ] === VoltShop Application Exited with code 0 ===
[2025-12-02 16:01:22.332] [INFO ] Login dialog destroyed
[2025-12-02 16:01:22.380] [INFO ] === Logger shutting down ===
[2025-12-02 16:04:22.759] [INFO ] === Logger initialized ===
[2025-12-02 16:04:22.760] [INFO ] Signal handlers installed
[2025-12-02 16:04:22.761] [INFO ] === VoltShop Application Started ===
[2025-12-02 16:04:23.125] [INFO ] Database connection established successfully
[2025-12-02 16:04:23.272] [INFO ] Login dialog created
[2025-12-02 16:04:30.788] [INFO ] Login attempt for user: admin
[2025-12-02 16:04:30.795] [INFO ] Retrieved role from database: 'admin' for user: admin
[2025-12-02 16:04:30.795] [DEBUG] Using plain text password verification for user: admin
[2025-12-02 16:04:30.796] [DEBUG] User authenticated - Role: admin, TOTP: not set
[2025-12-02 16:04:30.796] [INFO ] User admin authenticated successfully, role: admin
[2025-12-02 16:04:30.797] [INFO ] User admin does not have 2FA enabled
[2025-12-02 16:04:32.047] [INFO ] User admin declined 2FA enrollment, proceeding without 2FA
[2025-12-02 16:04:32.053] [INFO ] Full authentication successful for user: admin
[2025-12-02 16:04:32.053] [INFO ] Scheduling MainWindow creation for user: admin with role: admin
[2025-12-02 16:04:32.053] [INFO ] Creating MainWindow instance
[2025-12-02 16:04:32.548] [INFO ] MainWindow constructor started
[2025-12-02 16:04:32.548] [INFO ] ExcelExporter initialized, script path: C:/Users/DELL/OneDrive/Pictures/Documents/mrgla/Version_FINAL V3/Verion_FINALE/Verion_FINALE/python_scripts/financial_export.py
[2025-12-02 16:04:32.750] [INFO ] Setting role for user admin: admin (converted to: admin)
[2025-12-02 16:04:32.751] [INFO ] Role restrictions applied - Client:1 Commande:1 Stock:1 Transaction:1 Employee:1
[2025-12-02 16:04:32.752] [INFO ] Opened Employee tab for role: admin
[2025-12-02 16:04:33.606] [INFO ] MainWindow created and shown successfully
[2025-12-02 16:07:11.209] [INFO ] === Logger initialized ===
[2025-12-02 16:07:11.210] [INFO ] Signal handlers installed
[2025-12-02 16:07:11.210] [INFO ] === VoltShop Application Started ===
[2025-12-02 16:07:11.586] [INFO ] Database connection established successfully
[2025-12-02 16:07:11.730] [INFO ] Login dialog created
[2025-12-02 16:07:51.766] [INFO ] === Logger initialized ===
[2025-12-02 16:07:51.768] [INFO ] Signal handlers installed
[2025-12-02 16:07:51.768] [INFO ] === VoltShop Application Started ===
[2025-12-02 16:07:52.135] [INFO ] Database connection established successfully
[2025-12-02 16:07:52.277] [INFO ] Login dialog created
[2025-12-02 16:08:03.438] [INFO ] Login attempt for user: admin
[2025-12-02 16:08:03.446] [INFO ] Retrieved role from database: 'admin' for user: admin
[2025-12-02 16:08:03.446] [DEBUG] Using plain text password verification for user: admin
[2025-12-02 16:08:03.446] [DEBUG] User authenticated - Role: admin, TOTP: not set
[2025-12-02 16:08:03.447] [INFO ] User admin authenticated successfully, role: admin
[2025-12-02 16:08:03.447] [INFO ] User admin does not have 2FA enabled
[2025-12-02 16:08:04.548] [INFO ] User admin declined 2FA enrollment, proceeding without 2FA
[2025-12-02 16:08:04.554] [INFO ] Full authentication successful for user: admin
[2025-12-02 16:08:04.554] [INFO ] Scheduling MainWindow creation for user: admin with role: admin
[2025-12-02 16:08:04.554] [INFO ] Creating MainWindow instance
[2025-12-02 16:08:05.046] [INFO ] MainWindow constructor started
[2025-12-02 16:08:05.047] [INFO ] ExcelExporter initialized, script path: C:/Users/DELL/OneDrive/Pictures/Documents/mrgla/Version_FINAL V3/Verion_FINALE/Verion_FINALE/python_scripts/financial_export.py
[2025-12-02 16:08:05.232] [INFO ] Setting role for user admin: admin (converted to: admin)
[2025-12-02 16:08:05.233] [INFO ] Role restrictions applied - Client:1 Commande:1 Stock:1 Transaction:1 Employee:1
[2025-12-02 16:08:05.234] [INFO ] Opened Employee tab for role: admin
[2025-12-02 16:08:06.090] [INFO ] MainWindow created and shown successfully
[2025-12-02 16:10:58.902] [INFO ] === VoltShop Application Exited with code 0 ===
[2025-12-02 16:10:58.903] [INFO ] Login dialog destroyed
[2025-12-02 16:10:58.947] [INFO ] === Logger shutting down ===
[2025-12-02 16:13:30.409] [INFO ] === Logger initialized ===
[2025-12-02 16:13:30.410] [INFO ] Signal handlers installed
[2025-12-02 16:13:30.410] [INFO ] === VoltShop Application Started ===
[2025-12-02 16:13:30.774] [INFO ] Database connection established successfully
[2025-12-02 16:13:30.921] [INFO ] Login dialog created
[2025-12-02 16:13:38.203] [INFO ] Login attempt for user: admin
[2025-12-02 16:13:38.208] [INFO ] Retrieved role from database: 'admin' for user: admin
[2025-12-02 16:13:38.209] [DEBUG] Using plain text password verification for user: admin
[2025-12-02 16:13:38.209] [DEBUG] User authenticated - Role: admin, TOTP: not set
[2025-12-02 16:13:38.210] [INFO ] User admin authenticated successfully, role: admin
[2025-12-02 16:13:38.210] [INFO ] User admin does not have 2FA enabled
[2025-12-02 16:13:39.956] [INFO ] User admin declined 2FA enrollment, proceeding without 2FA
[2025-12-02 16:13:39.961] [INFO ] Full authentication successful for user: admin
[2025-12-02 16:13:39.961] [INFO ] Scheduling MainWindow creation for user: admin with role: admin
[2025-12-02 16:13:39.961] [INFO ] Creating MainWindow instance
[2025-12-02 16:13:40.453] [INFO ] MainWindow constructor started
[2025-12-02 16:13:40.459] [INFO ] ExcelExporter initialized, script path: C:/Users/DELL/OneDrive/Pictures/Documents/mrgla/Version_FINAL V3/Verion_FINALE/Verion_FINALE/python_scripts/financial_export.py
[2025-12-02 16:13:40.653] [INFO ] Setting role for user admin: admin (converted to: admin)
[2025-12-02 16:13:40.654] [INFO ] Role restrictions applied - Client:1 Commande:1 Stock:1 Transaction:1 Employee:1
[2025-12-02 16:13:40.655] [INFO ] Opened Employee tab for role: admin
[2025-12-02 16:13:41.497] [INFO ] MainWindow created and shown successfully
[2025-12-02 16:14:32.347] [INFO ] === VoltShop Application Exited with code 0 ===
[2025-12-02 16:14:32.347] [INFO ] Login dialog destroyed
[2025-12-02 16:14:32.390] [INFO ] === Logger shutting down ===
[2025-12-02 16:17:04.811] [INFO ] === Logger initialized ===
[2025-12-02 16:17:04.812] [INFO ] Signal handlers installed
[2025-12-02 16:17:04.812] [INFO ] === VoltShop Application Started ===
[2025-12-02 16:17:05.183] [INFO ] Database connection established successfully
[2025-12-02 16:17:05.327] [INFO ] Login dialog created
[2025-12-02 16:17:11.841] [INFO ] Login attempt for user: admin
[2025-12-02 16:17:11.852] [INFO ] Retrieved role from database: 'admin' for user: admin
[2025-12-02 16:17:11.852] [DEBUG] Using plain text password verification for user: admin
[2025-12-02 16:17:11.852] [DEBUG] User authenticated - Role: admin, TOTP: not set
[2025-12-02 16:17:11.852] [INFO ] User admin authenticated successfully, role: admin
[2025-12-02 16:17:11.852] [INFO ] User admin does not have 2FA enabled
[2025-12-02 16:17:13.654] [INFO ] User admin declined 2FA enrollment, proceeding without 2FA
[2025-12-02 16:17:13.663] [INFO ] Full authentication successful for user: admin
[2025-12-02 16:17:13.663] [INFO ] Scheduling MainWindow creation for user: admin with role: admin
[2025-12-02 16:17:13.663] [INFO ] Creating MainWindow instance
[2025-12-02 16:17:14.170] [INFO ] MainWindow constructor started
[2025-12-02 16:17:14.171] [INFO ] ExcelExporter initialized, script path: C:/Users/DELL/OneDrive/Pictures/Documents/mrgla/Version_FINAL V3/Verion_FINALE/Verion_FINALE/python_scripts/financial_export.py
[2025-12-02 16:17:14.359] [INFO ] Setting role for user admin: admin (converted to: admin)
[2025-12-02 16:17:14.360] [INFO ] Role restrictions applied - Client:1 Commande:1 Stock:1 Transaction:1 Employee:1
[2025-12-02 16:17:14.361] [INFO ] Opened Employee tab for role: admin
[2025-12-02 16:17:15.208] [INFO ] MainWindow created and shown successfully
[2025-12-02 16:17:31.739] [INFO ] === VoltShop Application Exited with code 0 ===
[2025-12-02 16:17:31.739] [INFO ] Login dialog destroyed
[2025-12-02 16:17:31.784] [INFO ] === Logger shutting down ===
[2025-12-02 16:18:12.816] [INFO ] === Logger initialized ===
[2025-12-02 16:18:12.817] [INFO ] Signal handlers installed
[2025-12-02 16:18:12.817] [INFO ] === VoltShop Application Started ===
[2025-12-02 16:18:13.205] [INFO ] Database connection established successfully
[2025-12-02 16:18:13.354] [INFO ] Login dialog created
[2025-12-02 16:18:23.508] [INFO ] Login attempt for user: admin
[2025-12-02 16:18:23.512] [INFO ] Retrieved role from database: 'admin' for user: admin
[2025-12-02 16:18:23.512] [DEBUG] Using plain text password verification for user: admin
[2025-12-02 16:18:23.512] [DEBUG] User authenticated - Role: admin, TOTP: not set
[2025-12-02 16:18:23.513] [INFO ] User admin authenticated successfully, role: admin
[2025-12-02 16:18:23.513] [INFO ] User admin does not have 2FA enabled
[2025-12-02 16:18:25.153] [INFO ] User admin declined 2FA enrollment, proceeding without 2FA
[2025-12-02 16:18:25.158] [INFO ] Full authentication successful for user: admin
[2025-12-02 16:18:25.158] [INFO ] Scheduling MainWindow creation for user: admin with role: admin
[2025-12-02 16:18:25.158] [INFO ] Creating MainWindow instance
[2025-12-02 16:18:25.647] [INFO ] MainWindow constructor started
[2025-12-02 16:18:25.647] [INFO ] ExcelExporter initialized, script path: C:/Users/DELL/OneDrive/Pictures/Documents/mrgla/Version_FINAL V3/Verion_FINALE/Verion_FINALE/python_scripts/financial_export.py
[2025-12-02 16:18:25.838] [INFO ] Setting role for user admin: admin (converted to: admin)
[2025-12-02 16:18:25.839] [INFO ] Role restrictions applied - Client:1 Commande:1 Stock:1 Transaction:1 Employee:1
[2025-12-02 16:18:25.840] [INFO ] Opened Employee tab for role: admin
[2025-12-02 16:18:26.656] [INFO ] MainWindow created and shown successfully
[2025-12-02 16:19:32.409] [INFO ] === VoltShop Application Exited with code 0 ===
[2025-12-02 16:19:32.410] [INFO ] Login dialog destroyed
[2025-12-02 16:19:32.450] [INFO ] === Logger shutting down ===
[2025-12-02 16:21:18.629] [INFO ] === Logger initialized ===
[2025-12-02 16:21:18.630] [INFO ] Signal handlers installed
[2025-12-02 16:21:18.630] [INFO ] === VoltShop Application Started ===
[2025-12-02 16:21:18.995] [INFO ] Database connection established successfully
[2025-12-02 16:21:19.145] [INFO ] Login dialog created
[2025-12-02 16:21:25.969] [INFO ] Login attempt for user: admin
[2025-12-02 16:21:25.982] [INFO ] Retrieved role from database: 'admin' for user: admin
[2025-12-02 16:21:25.983] [DEBUG] Using plain text password verification for user: admin
[2025-12-02 16:21:25.983] [DEBUG] User authenticated - Role: admin, TOTP: not set
[2025-12-02 16:21:25.983] [INFO ] User admin authenticated successfully, role: admin
[2025-12-02 16:21:25.984] [INFO ] User admin does not have 2FA enabled
[2025-12-02 16:21:28.523] [INFO ] User admin declined 2FA enrollment, proceeding without 2FA
[2025-12-02 16:21:28.532] [INFO ] Full authentication successful for user: admin
[2025-12-02 16:21:28.532] [INFO ] Scheduling MainWindow creation for user: admin with role: admin
[2025-12-02 16:21:28.532] [INFO ] Creating MainWindow instance
[2025-12-02 16:21:29.030] [INFO ] MainWindow constructor started
[2025-12-02 16:21:29.036] [INFO ] ExcelExporter initialized, script path: C:/Users/DELL/OneDrive/Pictures/Documents/mrgla/Version_FINAL V3/Verion_FINALE/Verion_FINALE/python_scripts/financial_export.py
[2025-12-02 16:21:29.219] [INFO ] Setting role for user admin: admin (converted to: admin)
[2025-12-02 16:21:29.220] [INFO ] Role restrictions applied - Client:1 Commande:1 Stock:1 Transaction:1 Employee:1
[2025-12-02 16:21:29.221] [INFO ] Opened Employee tab for role: admin
[2025-12-02 16:21:30.075] [INFO ] MainWindow created and shown successfully
[2025-12-02 16:26:11.613] [INFO ] === VoltShop Application Exited with code 0 ===
[2025-12-02 16:26:11.613] [INFO ] Login dialog destroyed
[2025-12-02 16:26:11.681] [INFO ] === Logger shutting down ===
[2025-12-02 16:29:47.263] [INFO ] === Logger initialized ===
[2025-12-02 16:29:47.264] [INFO ] Signal handlers installed
[2025-12-02 16:29:47.264] [INFO ] === VoltShop Application Started ===
[2025-12-02 16:29:47.706] [INFO ] Database connection established successfully
[2025-12-02 16:29:47.855] [INFO ] Login dialog created
[2025-12-02 16:29:56.258] [INFO ] Login attempt for user: admin
[2025-12-02 16:29:56.260] [INFO ] Retrieved role from database: 'admin' for user: admin
[2025-12-02 16:29:56.260] [DEBUG] Using plain text password verification for user: admin
[2025-12-02 16:29:56.260] [DEBUG] User authenticated - Role: admin, TOTP: not set
[2025-12-02 16:29:56.261] [INFO ] User admin authenticated successfully, role: admin
[2025-12-02 16:29:56.261] [INFO ] User admin does not have 2FA enabled
[2025-12-02 16:29:58.115] [INFO ] User admin declined 2FA enrollment, proceeding without 2FA
[2025-12-02 16:29:58.116] [INFO ] Full authentication successful for user: admin
[2025-12-02 16:29:58.116] [INFO ] Scheduling MainWindow creation for user: admin with role: admin
[2025-12-02 16:29:58.117] [INFO ] Creating MainWindow instance
[2025-12-02 16:29:58.620] [INFO ] MainWindow constructor started
[2025-12-02 16:29:58.621] [INFO ] ExcelExporter initialized, script path: C:/Users/DELL/OneDrive/Pictures/Documents/mrgla/Version_FINAL V3/Verion_FINALE/Verion_FINALE/python_scripts/financial_export.py
[2025-12-02 16:29:58.815] [INFO ] Setting role for user admin: admin (converted to: admin)
[2025-12-02 16:29:58.816] [INFO ] Role restrictions applied - Client:1 Commande:1 Stock:1 Transaction:1 Employee:1
[2025-12-02 16:29:58.817] [INFO ] Opened Employee tab for role: admin
[2025-12-02 16:29:59.688] [INFO ] MainWindow created and shown successfully
[2025-12-02 16:30:52.093] [INFO ] === VoltShop Application Exited with code 0 ===
[2025-12-02 16:30:52.095] [INFO ] Login dialog destroyed
[2025-12-02 16:30:52.148] [INFO ] === Logger shutting down ===
[2025-12-02 16:33:18.918] [INFO ] === Logger initialized ===
[2025-12-02 16:33:18.919] [INFO ] Signal handlers installed
[2025-12-02 16:33:18.919] [INFO ] === VoltShop Application Started ===
[2025-12-02 16:33:19.307] [INFO ] Database connection established successfully
[2025-12-02 16:33:19.460] [INFO ] Login dialog created
[2025-12-02 16:33:26.109] [INFO ] Login attempt for user: admin
[2025-12-02 16:33:26.112] [INFO ] Retrieved role from database: 'admin' for user: admin
[2025-12-02 16:33:26.112] [DEBUG] Using plain text password verification for user: admin
[2025-12-02 16:33:26.112] [DEBUG] User authenticated - Role: admin, TOTP: not set
[2025-12-02 16:33:26.113] [INFO ] User admin authenticated successfully, role: admin
[2025-12-02 16:33:26.113] [INFO ] User admin does not have 2FA enabled
[2025-12-02 16:33:28.198] [INFO ] User admin declined 2FA enrollment, proceeding without 2FA
[2025-12-02 16:33:28.199] [INFO ] Full authentication successful for user: admin
[2025-12-02 16:33:28.199] [INFO ] Scheduling MainWindow creation for user: admin with role: admin
[2025-12-02 16:33:28.199] [INFO ] Creating MainWindow instance
[2025-12-02 16:33:28.764] [INFO ] MainWindow constructor started
[2025-12-02 16:33:28.764] [INFO ] ExcelExporter initialized, script path: C:/Users/DELL/OneDrive/Pictures/Documents/mrgla/Version_FINAL V3/Verion_FINALE/Verion_FINALE/python_scripts/financial_export.py
[2025-12-02 16:33:28.968] [INFO ] Setting role for user admin: admin (converted to: admin)
[2025-12-02 16:33:28.969] [INFO ] Role restrictions applied - Client:1 Commande:1 Stock:1 Transaction:1 Employee:1
[2025-12-02 16:33:28.971] [INFO ] Opened Employee tab for role: admin
[2025-12-02 16:33:29.809] [INFO ] MainWindow created and shown successfully
[2025-12-02 21:03:29.146] [INFO ] === Logger initialized ===
[2025-12-02 21:03:29.148] [INFO ] Signal handlers installed
[2025-12-02 21:03:29.148] [INFO ] === VoltShop Application Started ===
[2025-12-02 21:03:29.600] [INFO ] Database connection established successfully
[2025-12-02 21:03:29.758] [INFO ] Login dialog created
[2025-12-02 21:03:40.913] [INFO ] Login attempt for user: admin
[2025-12-02 21:03:40.923] [INFO ] Retrieved role from database: 'admin' for user: admin
[2025-12-02 21:03:40.924] [DEBUG] Using plain text password verification for user: admin
[2025-12-02 21:03:40.924] [DEBUG] User authenticated - Role: admin, TOTP: not set
[2025-12-02 21:03:40.925] [INFO ] User admin authenticated successfully, role: admin
[2025-12-02 21:03:40.926] [INFO ] User admin does not have 2FA enabled
[2025-12-02 21:03:46.214] [INFO ] User admin declined 2FA enrollment, proceeding without 2FA
[2025-12-02 21:03:46.214] [INFO ] Full authentication successful for user: admin
[2025-12-02 21:03:46.216] [INFO ] Scheduling MainWindow creation for user: admin with role: admin
[2025-12-02 21:03:46.217] [INFO ] Creating MainWindow instance
[2025-12-02 21:03:46.765] [INFO ] MainWindow constructor started
[2025-12-02 21:03:46.765] [INFO ] ExcelExporter initialized, script path: C:/Users/DELL/OneDrive/Pictures/Documents/mrgla/Version_FINAL V3/Verion_FINALE/Verion_FINALE/python_scripts/financial_export.py
[2025-12-02 21:03:47.001] [INFO ] Setting role for user admin: admin (converted to: admin)
[2025-12-02 21:03:47.002] [INFO ] Role restrictions applied - Client:1 Commande:1 Stock:1 Transaction:1 Employee:1
[2025-12-02 21:03:47.004] [INFO ] Opened Employee tab for role: admin
[2025-12-02 21:03:47.964] [INFO ] MainWindow created and shown successfully
[2025-12-02 21:08:28.787] [INFO ] === VoltShop Application Exited with code 0 ===
[2025-12-02 21:08:28.791] [INFO ] Login dialog destroyed
[2025-12-02 21:08:28.871] [INFO ] === Logger shutting down ===
[2025-12-02 21:50:27.446] [INFO ] === Logger initialized ===
[2025-12-02 21:50:27.448] [INFO ] Signal handlers installed
[2025-12-02 21:50:27.448] [INFO ] === VoltShop Application Started ===
[2025-12-02 21:50:27.905] [INFO ] Database connection established successfully
[2025-12-02 21:50:28.066] [INFO ] Login dialog created
[2025-12-02 21:50:35.817] [INFO ] Login attempt for user: admin
[2025-12-02 21:50:35.821] [INFO ] Retrieved role from database: 'admin' for user: admin
[2025-12-02 21:50:35.822] [DEBUG] Using plain text password verification for user: admin
[2025-12-02 21:50:35.822] [DEBUG] User authenticated - Role: admin, TOTP: not set
[2025-12-02 21:50:35.822] [INFO ] User admin authenticated successfully, role: admin
[2025-12-02 21:50:35.823] [INFO ] User admin does not have 2FA enabled
[2025-12-02 21:50:37.775] [INFO ] User admin declined 2FA enrollment, proceeding without 2FA
[2025-12-02 21:50:37.777] [INFO ] Full authentication successful for user: admin
[2025-12-02 21:50:37.777] [INFO ] Scheduling MainWindow creation for user: admin with role: admin
[2025-12-02 21:50:37.777] [INFO ] Creating MainWindow instance
[2025-12-02 21:50:38.351] [INFO ] MainWindow constructor started
[2025-12-02 21:50:38.356] [INFO ] ExcelExporter initialized, script path: C:/Users/DELL/OneDrive/Pictures/Documents/mrgla/Version_FINAL V3/Verion_FINALE/Verion_FINALE/python_scripts/financial_export.py
[2025-12-02 21:50:38.575] [INFO ] Setting role for user admin: admin (converted to: admin)
[2025-12-02 21:50:38.576] [INFO ] Role restrictions applied - Client:1 Commande:1 Stock:1 Transaction:1 Employee:1
[2025-12-02 21:50:38.577] [INFO ] Opened Employee tab for role: admin
[2025-12-02 21:50:39.543] [INFO ] MainWindow created and shown successfully
[2025-12-02 21:51:56.485] [INFO ] === VoltShop Application Exited with code 0 ===
[2025-12-02 21:51:56.489] [INFO ] Login dialog destroyed
[2025-12-02 21:51:56.552] [INFO ] === Logger shutting down ===
[2025-12-02 21:58:31.652] [INFO ] === Logger initialized ===
[2025-12-02 21:58:31.654] [INFO ] Signal handlers installed
[2025-12-02 21:58:31.655] [INFO ] === VoltShop Application Started ===
[2025-12-02 21:58:32.058] [INFO ] Database connection established successfully
[2025-12-02 21:58:32.219] [INFO ] Login dialog created
[2025-12-02 21:58:42.424] [INFO ] Login attempt for user: admin
[2025-12-02 21:58:42.429] [INFO ] Retrieved role from database: 'admin' for user: admin
[2025-12-02 21:58:42.430] [DEBUG] Using plain text password verification for user: admin
[2025-12-02 21:58:42.431] [DEBUG] User authenticated - Role: admin, TOTP: not set
[2025-12-02 21:58:42.431] [INFO ] User admin authenticated successfully, role: admin
[2025-12-02 21:58:42.432] [INFO ] User admin does not have 2FA enabled
[2025-12-02 21:58:44.373] [INFO ] User admin declined 2FA enrollment, proceeding without 2FA
[2025-12-02 21:58:44.373] [INFO ] Full authentication successful for user: admin
[2025-12-02 21:58:44.373] [INFO ] Scheduling MainWindow creation for user: admin with role: admin
[2025-12-02 21:58:44.380] [INFO ] Creating MainWindow instance
[2025-12-02 21:58:44.936] [INFO ] MainWindow constructor started
[2025-12-02 21:58:44.938] [INFO ] ExcelExporter initialized, script path: C:/Users/DELL/OneDrive/Pictures/Documents/mrgla/Version_FINAL V3/Verion_FINALE/Verion_FINALE/python_scripts/financial_export.py
[2025-12-02 21:58:45.141] [INFO ] Setting role for user admin: admin (converted to: admin)
[2025-12-02 21:58:45.142] [INFO ] Role restrictions applied - Client:1 Commande:1 Stock:1 Transaction:1 Employee:1
[2025-12-02 21:58:45.143] [INFO ] Opened Employee tab for role: admin
[2025-12-02 21:58:45.989] [INFO ] MainWindow created and shown successfully
[2025-12-02 21:59:30.921] [INFO ] === VoltShop Application Exited with code 0 ===
[2025-12-02 21:59:30.921] [INFO ] Login dialog destroyed
[2025-12-02 21:59:30.987] [INFO ] === Logger shutting down ===
[2025-12-02 22:23:50.455] [INFO ] === Logger initialized ===
[2025-12-02 22:23:50.457] [INFO ] Signal handlers installed
[2025-12-02 22:23:50.457] [INFO ] === VoltShop Application Started ===
[2025-12-02 22:23:50.935] [INFO ] Database connection established successfully
[2025-12-02 22:23:51.101] [INFO ] Login dialog created
[2025-12-02 22:24:00.755] [INFO ] Login attempt for user: admin
[2025-12-02 22:24:00.761] [INFO ] Retrieved role from database: 'admin' for user: admin
[2025-12-02 22:24:00.761] [DEBUG] Using plain text password verification for user: admin
[2025-12-02 22:24:00.762] [DEBUG] User authenticated - Role: admin, TOTP: not set
[2025-12-02 22:24:00.762] [INFO ] User admin authenticated successfully, role: admin
[2025-12-02 22:24:00.763] [INFO ] User admin does not have 2FA enabled
[2025-12-02 22:24:03.801] [INFO ] User admin declined 2FA enrollment, proceeding without 2FA
[2025-12-02 22:24:03.804] [INFO ] Full authentication successful for user: admin
[2025-12-02 22:24:03.804] [INFO ] Scheduling MainWindow creation for user: admin with role: admin
[2025-12-02 22:24:03.805] [INFO ] Creating MainWindow instance
[2025-12-02 22:24:04.641] [INFO ] MainWindow constructor started
[2025-12-02 22:24:04.642] [INFO ] ExcelExporter initialized, script path: C:/Users/DELL/OneDrive/Pictures/Documents/mrgla/Version_FINAL V3/Verion_FINALE/Verion_FINALE/python_scripts/financial_export.py
[2025-12-02 22:24:04.873] [INFO ] Setting role for user admin: admin (converted to: admin)
[2025-12-02 22:24:04.874] [INFO ] Role restrictions applied - Client:1 Commande:1 Stock:1 Transaction:1 Employee:1
[2025-12-02 22:24:04.876] [INFO ] Opened Employee tab for role: admin
[2025-12-02 22:24:05.823] [INFO ] MainWindow created and shown successfully
[2025-12-02 22:25:14.851] [INFO ] === VoltShop Application Exited with code 0 ===
[2025-12-02 22:25:14.851] [INFO ] Login dialog destroyed
[2025-12-02 22:25:14.923] [INFO ] === Logger shutting down ===
[2025-12-02 22:53:18.342] [INFO ] === Logger initialized ===
[2025-12-02 22:53:18.344] [INFO ] Signal handlers installed
[2025-12-02 22:53:18.344] [INFO ] === VoltShop Application Started ===
[2025-12-02 22:53:18.863] [INFO ] Database connection established successfully
[2025-12-02 22:53:19.061] [INFO ] Login dialog created
[2025-12-02 22:53:27.436] [INFO ] Login attempt for user: admin
[2025-12-02 22:53:27.444] [INFO ] Retrieved role from database: 'admin' for user: admin
[2025-12-02 22:53:27.445] [DEBUG] Using plain text password verification for user: admin
[2025-12-02 22:53:27.446] [DEBUG] User authenticated - Role: admin, TOTP: not set
[2025-12-02 22:53:27.447] [INFO ] User admin authenticated successfully, role: admin
[2025-12-02 22:53:27.447] [INFO ] User admin does not have 2FA enabled
[2025-12-02 22:53:30.008] [INFO ] User admin declined 2FA enrollment, proceeding without 2FA
[2025-12-02 22:53:30.008] [INFO ] Full authentication successful for user: admin
[2025-12-02 22:53:30.014] [INFO ] Scheduling MainWindow creation for user: admin with role: admin
[2025-12-02 22:53:30.015] [INFO ] Creating MainWindow instance
[2025-12-02 22:53:30.864] [INFO ] MainWindow constructor started
[2025-12-02 22:53:30.864] [INFO ] ExcelExporter initialized, script path: C:/Users/DELL/OneDrive/Pictures/Documents/mrgla/Version_FINAL V3/Verion_FINALE/Verion_FINALE/python_scripts/financial_export.py
[2025-12-02 22:53:31.137] [INFO ] Setting role for user admin: admin (converted to: admin)
[2025-12-02 22:53:31.138] [INFO ] Role restrictions applied - Client:1 Commande:1 Stock:1 Transaction:1 Employee:1
[2025-12-02 22:53:31.139] [INFO ] Opened Employee tab for role: admin
[2025-12-02 22:53:32.060] [INFO ] MainWindow created and shown successfully
[2025-12-02 22:54:19.724] [INFO ] User admin logging out
[2025-12-02 22:54:19.754] [INFO ] Login dialog created
[2025-12-02 22:54:19.806] [INFO ] Login dialog created for re-authentication
[2025-12-02 22:54:19.908] [INFO ] Deleting MainWindow after logout
[2025-12-02 22:54:19.908] [INFO ] MainWindow destructor called
[2025-12-02 22:54:19.908] [INFO ] MainWindow destructor completed
[2025-12-02 22:54:22.344] [INFO ] Login dialog destroyed
[2025-12-02 22:54:22.344] [INFO ] === VoltShop Application Exited with code 0 ===
[2025-12-02 22:54:22.344] [INFO ] Login dialog destroyed
[2025-12-02 22:54:22.420] [INFO ] === Logger shutting down ===
[2025-12-03 00:17:29.459] [INFO ] === Logger initialized ===
[2025-12-03 00:17:29.461] [INFO ] Signal handlers installed
[2025-12-03 00:17:29.462] [INFO ] === VoltShop Application Started ===
[2025-12-03 00:17:29.979] [INFO ] Database connection established successfully
[2025-12-03 00:17:30.178] [INFO ] Login dialog created
[2025-12-03 00:17:38.222] [INFO ] Login attempt for user: admin
[2025-12-03 00:17:38.228] [INFO ] Retrieved role from database: 'admin' for user: admin
[2025-12-03 00:17:38.229] [DEBUG] Using plain text password verification for user: admin
[2025-12-03 00:17:38.229] [DEBUG] User authenticated - Role: admin, TOTP: not set
[2025-12-03 00:17:38.230] [INFO ] User admin authenticated successfully, role: admin
[2025-12-03 00:17:38.230] [INFO ] User admin does not have 2FA enabled
[2025-12-03 00:17:40.410] [INFO ] User admin declined 2FA enrollment, proceeding without 2FA
[2025-12-03 00:17:40.412] [INFO ] Full authentication successful for user: admin
[2025-12-03 00:17:40.412] [INFO ] Scheduling MainWindow creation for user: admin with role: admin
[2025-12-03 00:17:40.412] [INFO ] Creating MainWindow instance
[2025-12-03 00:17:41.745] [INFO ] MainWindow constructor started
[2025-12-03 00:17:41.746] [INFO ] ExcelExporter initialized, script path: C:/Users/DELL/OneDrive/Pictures/Documents/mrgla/Version_FINAL V3/Verion_FINALE/Verion_FINALE/python_scripts/financial_export.py
[2025-12-03 00:17:41.995] [INFO ] Setting role for user admin: admin (converted to: admin)
[2025-12-03 00:17:41.995] [INFO ] Role restrictions applied - Client:1 Commande:1 Stock:1 Transaction:1 Employee:1
[2025-12-03 00:17:41.998] [INFO ] Opened Employee tab for role: admin
[2025-12-03 00:17:42.969] [INFO ] MainWindow created and shown successfully
[2025-12-03 00:19:37.049] [INFO ] === VoltShop Application Exited with code 0 ===
[2025-12-03 00:19:37.049] [INFO ] Login dialog destroyed
[2025-12-03 00:19:37.105] [INFO ] === Logger shutting down ===
[2025-12-03 00:21:50.890] [INFO ] === Logger initialized ===
[2025-12-03 00:21:50.892] [INFO ] Signal handlers installed
[2025-12-03 00:21:50.892] [INFO ] === VoltShop Application Started ===
[2025-12-03 00:21:51.341] [INFO ] Database connection established successfully
[2025-12-03 00:21:51.504] [INFO ] Login dialog created
[2025-12-03 00:22:01.903] [INFO ] Login attempt for user: admin
[2025-12-03 00:22:01.905] [INFO ] Retrieved role from database: 'admin' for user: admin
[2025-12-03 00:22:01.907] [DEBUG] Using plain text password verification for user: admin
[2025-12-03 00:22:01.907] [DEBUG] User authenticated - Role: admin, TOTP: not set
[2025-12-03 00:22:01.907] [INFO ] User admin authenticated successfully, role: admin
[2025-12-03 00:22:01.907] [INFO ] User admin does not have 2FA enabled
[2025-12-03 00:22:03.998] [INFO ] User admin declined 2FA enrollment, proceeding without 2FA
[2025-12-03 00:22:04.002] [INFO ] Full authentication successful for user: admin
[2025-12-03 00:22:04.002] [INFO ] Scheduling MainWindow creation for user: admin with role: admin
[2025-12-03 00:22:04.004] [INFO ] Creating MainWindow instance
[2025-12-03 00:22:05.357] [INFO ] MainWindow constructor started
[2025-12-03 00:22:05.358] [INFO ] ExcelExporter initialized, script path: C:/Users/DELL/OneDrive/Pictures/Documents/mrgla/Version_FINAL V3/Verion_FINALE/Verion_FINALE/python_scripts/financial_export.py
[2025-12-03 00:22:05.577] [INFO ] Setting role for user admin: admin (converted to: admin)
[2025-12-03 00:22:05.578] [INFO ] Role restrictions applied - Client:1 Commande:1 Stock:1 Transaction:1 Employee:1
[2025-12-03 00:22:05.579] [INFO ] Opened Employee tab for role: admin
[2025-12-03 00:22:06.491] [INFO ] MainWindow created and shown successfully
[2025-12-03 00:23:01.049] [INFO ] === VoltShop Application Exited with code 0 ===
[2025-12-03 00:23:01.049] [INFO ] Login dialog destroyed
[2025-12-03 00:23:01.103] [INFO ] === Logger shutting down ===
[2025-12-03 00:48:59.214] [INFO ] === Logger initialized ===
[2025-12-03 00:48:59.215] [INFO ] Signal handlers installed
[2025-12-03 00:48:59.215] [INFO ] === VoltShop Application Started ===
[2025-12-03 00:48:59.658] [INFO ] Database connection established successfully
[2025-12-03 00:48:59.813] [INFO ] Login dialog created
[2025-12-03 00:49:08.785] [INFO ] Login attempt for user: admin
[2025-12-03 00:49:08.788] [INFO ] Retrieved role from database: 'admin' for user: admin
[2025-12-03 00:49:08.788] [DEBUG] Using plain text password verification for user: admin
[2025-12-03 00:49:08.789] [DEBUG] User authenticated - Role: admin, TOTP: not set
[2025-12-03 00:49:08.789] [INFO ] User admin authenticated successfully, role: admin
[2025-12-03 00:49:08.790] [INFO ] User admin does not have 2FA enabled
[2025-12-03 00:49:11.294] [INFO ] User admin declined 2FA enrollment, proceeding without 2FA
[2025-12-03 00:49:11.294] [INFO ] Full authentication successful for user: admin
[2025-12-03 00:49:11.296] [INFO ] Scheduling MainWindow creation for user: admin with role: admin
[2025-12-03 00:49:11.296] [INFO ] Creating MainWindow instance
[2025-12-03 00:49:12.661] [INFO ] MainWindow constructor started
[2025-12-03 00:49:12.665] [INFO ] ExcelExporter initialized, script path: C:/Users/DELL/OneDrive/Pictures/Documents/mrgla/Version_FINAL V3/Verion_FINALE/Verion_FINALE/python_scripts/financial_export.py
[2025-12-03 00:49:12.920] [INFO ] Setting role for user admin: admin (converted to: admin)
[2025-12-03 00:49:12.921] [INFO ] Role restrictions applied - Client:1 Commande:1 Stock:1 Transaction:1 Employee:1
[2025-12-03 00:49:12.926] [INFO ] Opened Employee tab for role: admin
[2025-12-03 00:49:13.808] [INFO ] MainWindow created and shown successfully
[2025-12-03 00:50:29.480] [INFO ] === VoltShop Application Exited with code 0 ===
[2025-12-03 00:50:29.485] [INFO ] Login dialog destroyed
[2025-12-03 00:50:29.540] [INFO ] === Logger shutting down ===
[2025-12-03 00:51:54.545] [INFO ] === Logger initialized ===
[2025-12-03 00:51:54.547] [INFO ] Signal handlers installed
[2025-12-03 00:51:54.548] [INFO ] === VoltShop Application Started ===
[2025-12-03 00:51:54.980] [INFO ] Database connection established successfully
[2025-12-03 00:51:55.136] [INFO ] Login dialog created
[2025-12-03 00:52:03.706] [INFO ] Login attempt for user: admin
[2025-12-03 00:52:03.708] [INFO ] Retrieved role from database: 'admin' for user: admin
[2025-12-03 00:52:03.709] [DEBUG] Using plain text password verification for user: admin
[2025-12-03 00:52:03.710] [DEBUG] User authenticated - Role: admin, TOTP: not set
[2025-12-03 00:52:03.710] [INFO ] User admin authenticated successfully, role: admin
[2025-12-03 00:52:03.710] [INFO ] User admin does not have 2FA enabled
[2025-12-03 00:52:06.279] [INFO ] User admin declined 2FA enrollment, proceeding without 2FA
[2025-12-03 00:52:06.280] [INFO ] Full authentication successful for user: admin
[2025-12-03 00:52:06.280] [INFO ] Scheduling MainWindow creation for user: admin with role: admin
[2025-12-03 00:52:06.281] [INFO ] Creating MainWindow instance
[2025-12-03 00:52:07.602] [INFO ] MainWindow constructor started
[2025-12-03 00:52:07.603] [INFO ] ExcelExporter initialized, script path: C:/Users/DELL/OneDrive/Pictures/Documents/mrgla/Version_FINAL V3/Verion_FINALE/Verion_FINALE/python_scripts/financial_export.py
[2025-12-03 00:52:07.815] [INFO ] Setting role for user admin: admin (converted to: admin)
[2025-12-03 00:52:07.815] [INFO ] Role restrictions applied - Client:1 Commande:1 Stock:1 Transaction:1 Employee:1
[2025-12-03 00:52:07.818] [INFO ] Opened Employee tab for role: admin
[2025-12-03 00:52:08.691] [INFO ] MainWindow created and shown successfully
[2025-12-03 00:52:26.682] [INFO ] === VoltShop Application Exited with code 0 ===
[2025-12-03 00:52:26.682] [INFO ] Login dialog destroyed
[2025-12-03 00:52:26.737] [INFO ] === Logger shutting down ===
[2025-12-03 01:26:39.855] [INFO ] === Logger initialized ===
[2025-12-03 01:26:39.859] [INFO ] Signal handlers installed
[2025-12-03 01:26:39.860] [INFO ] === VoltShop Application Started ===
[2025-12-03 01:26:40.401] [INFO ] Database connection established successfully
[2025-12-03 01:26:40.574] [INFO ] Login dialog created
[2025-12-03 01:26:59.391] [INFO ] Login attempt for user: admin
[2025-12-03 01:26:59.399] [INFO ] Retrieved role from database: 'admin' for user: admin
[2025-12-03 01:26:59.400] [DEBUG] Using plain text password verification for user: admin
[2025-12-03 01:26:59.401] [DEBUG] User authenticated - Role: admin, TOTP: not set
[2025-12-03 01:26:59.401] [INFO ] User admin authenticated successfully, role: admin
[2025-12-03 01:26:59.402] [INFO ] User admin does not have 2FA enabled
[2025-12-03 01:27:02.592] [INFO ] User admin declined 2FA enrollment, proceeding without 2FA
[2025-12-03 01:27:02.603] [INFO ] Full authentication successful for user: admin
[2025-12-03 01:27:02.603] [INFO ] Scheduling MainWindow creation for user: admin with role: admin
[2025-12-03 01:27:02.603] [INFO ] Creating MainWindow instance
[2025-12-03 01:27:03.790] [INFO ] MainWindow constructor started
[2025-12-03 01:27:03.790] [INFO ] ExcelExporter initialized, script path: C:/Users/DELL/OneDrive/Pictures/Documents/mrgla/Version_FINAL V3/Verion_FINALE/Verion_FINALE/python_scripts/financial_export.py
[2025-12-03 01:27:04.023] [INFO ] Setting role for user admin: admin (converted to: admin)
[2025-12-03 01:27:04.026] [INFO ] Role restrictions applied - Client:1 Commande:1 Stock:1 Transaction:1 Employee:1
[2025-12-03 01:27:04.027] [INFO ] Opened Employee tab for role: admin
[2025-12-03 01:27:05.016] [INFO ] MainWindow created and shown successfully
[2025-12-03 01:27:57.438] [INFO ] === VoltShop Application Exited with code 0 ===
[2025-12-03 01:27:57.441] [INFO ] Login dialog destroyed
[2025-12-03 01:27:57.494] [INFO ] === Logger shutting down ===
[2025-12-03 01:46:50.536] [INFO ] === Logger initialized ===
[2025-12-03 01:46:50.538] [INFO ] Signal handlers installed
[2025-12-03 01:46:50.538] [INFO ] === VoltShop Application Started ===
[2025-12-03 01:46:50.706] [INFO ] Database connection established successfully
[2025-12-03 01:46:50.748] [INFO ] Login dialog created
[2025-12-03 01:46:56.536] [INFO ] Login attempt for user: admin
[2025-12-03 01:46:56.541] [INFO ] Retrieved role from database: 'admin' for user: admin
[2025-12-03 01:46:56.541] [DEBUG] Using plain text password verification for user: admin
[2025-12-03 01:46:56.541] [DEBUG] User authenticated - Role: admin, TOTP: not set
[2025-12-03 01:46:56.542] [INFO ] User admin authenticated successfully, role: admin
[2025-12-03 01:46:56.542] [INFO ] User admin does not have 2FA enabled
[2025-12-03 01:46:57.632] [INFO ] User admin declined 2FA enrollment, proceeding without 2FA
[2025-12-03 01:46:57.632] [INFO ] Full authentication successful for user: admin
[2025-12-03 01:46:57.634] [INFO ] Scheduling MainWindow creation for user: admin with role: admin
[2025-12-03 01:46:57.634] [INFO ] Creating MainWindow instance
[2025-12-03 01:46:58.058] [INFO ] MainWindow constructor started
[2025-12-03 01:46:58.058] [INFO ] ExcelExporter initialized, script path: C:/Users/lastg/Desktop/Version_FINAL V3 (2)/Version_FINAL V3/Verion_FINALE/Verion_FINALE/python_scripts/financial_export.py
[2025-12-03 01:46:58.196] [INFO ] Setting role for user admin: admin (converted to: admin)
[2025-12-03 01:46:58.198] [INFO ] Role restrictions applied - Client:1 Commande:1 Stock:1 Transaction:1 Employee:1
[2025-12-03 01:46:58.200] [INFO ] Opened Employee tab for role: admin
[2025-12-03 01:46:58.306] [INFO ] MainWindow created and shown successfully
[2025-12-03 01:56:00.590] [INFO ] === VoltShop Application Exited with code 0 ===
[2025-12-03 01:56:00.590] [INFO ] Login dialog destroyed
[2025-12-03 01:56:00.646] [INFO ] === Logger shutting down ===
[2025-12-03 02:03:40.785] [INFO ] === Logger initialized ===
[2025-12-03 02:03:40.787] [INFO ] Signal handlers installed
[2025-12-03 02:03:40.787] [INFO ] === VoltShop Application Started ===
[2025-12-03 02:03:41.325] [INFO ] Database connection established successfully
[2025-12-03 02:03:41.412] [INFO ] Login dialog created
[2025-12-03 02:03:48.948] [INFO ] Login attempt for user: admin
[2025-12-03 02:03:48.950] [INFO ] Retrieved role from database: 'admin' for user: admin
[2025-12-03 02:03:48.951] [DEBUG] Using plain text password verification for user: admin
[2025-12-03 02:03:48.951] [WARN ] Password mismatch for user: admin
[2025-12-03 02:03:50.097] [WARN ] Failed login for user: admin
[2025-12-03 02:03:52.715] [INFO ] Login attempt for user: admin
[2025-12-03 02:03:52.719] [INFO ] Retrieved role from database: 'admin' for user: admin
[2025-12-03 02:03:52.719] [DEBUG] Using plain text password verification for user: admin
[2025-12-03 02:03:52.719] [DEBUG] User authenticated - Role: admin, TOTP: not set
[2025-12-03 02:03:52.719] [INFO ] User admin authenticated successfully, role: admin
[2025-12-03 02:03:52.719] [INFO ] User admin does not have 2FA enabled
[2025-12-03 02:03:53.725] [INFO ] User admin declined 2FA enrollment, proceeding without 2FA
[2025-12-03 02:03:53.725] [INFO ] Full authentication successful for user: admin
[2025-12-03 02:03:53.725] [INFO ] Scheduling MainWindow creation for user: admin with role: admin
[2025-12-03 02:03:53.725] [INFO ] Creating MainWindow instance
[2025-12-03 02:03:54.125] [INFO ] MainWindow constructor started
[2025-12-03 02:03:54.125] [INFO ] ExcelExporter initialized, script path: C:/Users/lastg/Desktop/Version_FINAL V3 (2)/Version_FINAL V3/Verion_FINALE/Verion_FINALE/python_scripts/financial_export.py
[2025-12-03 02:03:54.335] [INFO ] Setting role for user admin: admin (converted to: admin)
[2025-12-03 02:03:54.335] [INFO ] Role restrictions applied - Client:1 Commande:1 Stock:1 Transaction:1 Employee:1
[2025-12-03 02:03:54.335] [INFO ] Opened Employee tab for role: admin
[2025-12-03 02:03:54.500] [INFO ] MainWindow created and shown successfully
[2025-12-03 02:04:16.368] [INFO ] === VoltShop Application Exited with code 0 ===
[2025-12-03 02:04:16.368] [INFO ] Login dialog destroyed
[2025-12-03 02:04:16.427] [INFO ] === Logger shutting down ===
[2025-12-03 02:27:24.044] [INFO ] === Logger initialized ===
[2025-12-03 02:27:24.044] [INFO ] Signal handlers installed
[2025-12-03 02:27:24.048] [INFO ] === VoltShop Application Started ===
[2025-12-03 02:27:24.244] [INFO ] Database connection established successfully
[2025-12-03 02:27:24.300] [INFO ] Login dialog created
[2025-12-03 02:27:31.513] [INFO ] Login attempt for user: admin
[2025-12-03 02:27:31.515] [INFO ] Retrieved role from database: 'admin' for user: admin
[2025-12-03 02:27:31.515] [DEBUG] Using plain text password verification for user: admin
[2025-12-03 02:27:31.515] [DEBUG] User authenticated - Role: admin, TOTP: not set
[2025-12-03 02:27:31.515] [INFO ] User admin authenticated successfully, role: admin
[2025-12-03 02:27:31.515] [INFO ] User admin does not have 2FA enabled
[2025-12-03 02:27:33.081] [INFO ] User admin declined 2FA enrollment, proceeding without 2FA
[2025-12-03 02:27:33.083] [INFO ] Full authentication successful for user: admin
[2025-12-03 02:27:33.083] [INFO ] Scheduling MainWindow creation for user: admin with role: admin
[2025-12-03 02:27:33.083] [INFO ] Creating MainWindow instance
[2025-12-03 02:27:33.510] [INFO ] MainWindow constructor started
[2025-12-03 02:27:33.510] [INFO ] ExcelExporter initialized, script path: C:/Users/lastg/Desktop/Version_FINAL V3 (2)/Version_FINAL V3/Verion_FINALE/Verion_FINALE/python_scripts/financial_export.py
[2025-12-03 02:27:33.712] [INFO ] Setting role for user admin: admin (converted to: admin)
[2025-12-03 02:27:33.712] [INFO ] Role restrictions applied - Client:1 Commande:1 Stock:1 Transaction:1 Employee:1
[2025-12-03 02:27:33.712] [INFO ] Opened Employee tab for role: admin
[2025-12-03 02:27:33.870] [INFO ] MainWindow created and shown successfully
[2025-12-03 02:27:52.765] [INFO ] === VoltShop Application Exited with code 0 ===
[2025-12-03 02:27:52.765] [INFO ] Login dialog destroyed
[2025-12-03 02:27:52.813] [INFO ] === Logger shutting down ===
[2025-12-03 02:38:25.477] [INFO ] === Logger initialized ===
[2025-12-03 02:38:25.477] [INFO ] Signal handlers installed
[2025-12-03 02:38:25.477] [INFO ] === VoltShop Application Started ===
[2025-12-03 02:38:25.719] [INFO ] Database connection established successfully
[2025-12-03 02:38:25.771] [INFO ] Login dialog created
[2025-12-03 02:38:59.094] [INFO ] Login attempt for user: admin
[2025-12-03 02:38:59.094] [INFO ] Retrieved role from database: 'admin' for user: admin
[2025-12-03 02:38:59.094] [DEBUG] Using plain text password verification for user: admin
[2025-12-03 02:38:59.094] [DEBUG] User authenticated - Role: admin, TOTP: not set
[2025-12-03 02:38:59.094] [INFO ] User admin authenticated successfully, role: admin
[2025-12-03 02:38:59.094] [INFO ] User admin does not have 2FA enabled
[2025-12-03 02:39:00.019] [INFO ] User admin declined 2FA enrollment, proceeding without 2FA
[2025-12-03 02:39:00.019] [INFO ] Full authentication successful for user: admin
[2025-12-03 02:39:00.019] [INFO ] Scheduling MainWindow creation for user: admin with role: admin
[2025-12-03 02:39:00.019] [INFO ] Creating MainWindow instance
[2025-12-03 02:39:00.453] [INFO ] MainWindow constructor started
[2025-12-03 02:39:00.453] [INFO ] ExcelExporter initialized, script path: C:/Users/lastg/Desktop/Version_FINAL V3 (2)/Version_FINAL V3/Verion_FINALE/Verion_FINALE/python_scripts/financial_export.py
[2025-12-03 02:39:00.604] [INFO ] Setting role for user admin: admin (converted to: admin)
[2025-12-03 02:39:00.604] [INFO ] Role restrictions applied - Client:1 Commande:1 Stock:1 Transaction:1 Employee:1
[2025-12-03 02:39:00.604] [INFO ] Opened Employee tab for role: admin
[2025-12-03 02:39:00.747] [INFO ] MainWindow created and shown successfully
[2025-12-03 02:39:18.034] [INFO ] User admin logging out
[2025-12-03 02:39:18.061] [INFO ] Login dialog created
[2025-12-03 02:39:18.142] [INFO ] Login dialog created for re-authentication
[2025-12-03 02:39:18.250] [INFO ] Deleting MainWindow after logout
[2025-12-03 02:39:18.250] [INFO ] MainWindow destructor called
[2025-12-03 02:39:18.250] [INFO ] MainWindow destructor completed
[2025-12-03 02:41:32.976] [INFO ] Login dialog destroyed
[2025-12-03 02:41:32.983] [INFO ] === VoltShop Application Exited with code 0 ===
[2025-12-03 02:41:32.983] [INFO ] Login dialog destroyed
[2025-12-03 02:41:33.013] [INFO ] === Logger shutting down ===
[2025-12-03 02:42:07.927] [INFO ] === Logger initialized ===
[2025-12-03 02:42:07.930] [INFO ] Signal handlers installed
[2025-12-03 02:42:07.931] [INFO ] === VoltShop Application Started ===
[2025-12-03 02:42:09.357] [INFO ] Database connection established successfully
[2025-12-03 02:42:09.780] [INFO ] Login dialog created
[2025-12-03 02:42:19.824] [INFO ] Login attempt for user: admin
[2025-12-03 02:42:19.829] [INFO ] Retrieved role from database: 'admin' for user: admin
[2025-12-03 02:42:19.829] [DEBUG] Using plain text password verification for user: admin
[2025-12-03 02:42:19.830] [DEBUG] User authenticated - Role: admin, TOTP: not set
[2025-12-03 02:42:19.830] [INFO ] User admin authenticated successfully, role: admin
[2025-12-03 02:42:19.831] [INFO ] User admin does not have 2FA enabled
[2025-12-03 02:42:22.277] [INFO ] User admin declined 2FA enrollment, proceeding without 2FA
[2025-12-03 02:42:22.277] [INFO ] Full authentication successful for user: admin
[2025-12-03 02:42:22.277] [INFO ] Scheduling MainWindow creation for user: admin with role: admin
[2025-12-03 02:42:22.279] [INFO ] Creating MainWindow instance
[2025-12-03 02:42:24.735] [INFO ] MainWindow constructor started
[2025-12-03 02:42:24.736] [INFO ] ExcelExporter initialized, script path: C:/Users/lastg/Desktop/Version_FINAL V3 (2)/Version_FINAL V3/Verion_FINALE/Verion_FINALE/python_scripts/financial_export.py
[2025-12-03 02:42:25.248] [INFO ] Setting role for user admin: admin (converted to: admin)
[2025-12-03 02:42:25.248] [INFO ] Role restrictions applied - Client:1 Commande:1 Stock:1 Transaction:1 Employee:1
[2025-12-03 02:42:25.250] [INFO ] Opened Employee tab for role: admin
[2025-12-03 02:42:26.089] [INFO ] MainWindow created and shown successfully
[2025-12-03 02:42:55.839] [INFO ] === VoltShop Application Exited with code 0 ===
[2025-12-03 02:42:55.839] [INFO ] Login dialog destroyed
[2025-12-03 02:42:55.933] [INFO ] === Logger shutting down ===
[2025-12-03 02:45:37.052] [INFO ] === Logger initialized ===
[2025-12-03 02:45:37.052] [INFO ] Signal handlers installed
[2025-12-03 02:45:37.052] [INFO ] === VoltShop Application Started ===
[2025-12-03 02:45:37.310] [INFO ] Database connection established successfully
[2025-12-03 02:45:37.399] [INFO ] Login dialog created
[2025-12-03 02:45:47.708] [INFO ] Login attempt for user: admin
[2025-12-03 02:45:47.708] [INFO ] Retrieved role from database: 'admin' for user: admin
[2025-12-03 02:45:47.708] [DEBUG] Using plain text password verification for user: admin
[2025-12-03 02:45:47.708] [DEBUG] User authenticated - Role: admin, TOTP: not set
[2025-12-03 02:45:47.708] [INFO ] User admin authenticated successfully, role: admin
[2025-12-03 02:45:47.708] [INFO ] User admin does not have 2FA enabled
[2025-12-03 02:45:48.658] [INFO ] User admin declined 2FA enrollment, proceeding without 2FA
[2025-12-03 02:45:48.662] [INFO ] Full authentication successful for user: admin
[2025-12-03 02:45:48.662] [INFO ] Scheduling MainWindow creation for user: admin with role: admin
[2025-12-03 02:45:48.662] [INFO ] Creating MainWindow instance
[2025-12-03 02:45:49.148] [INFO ] MainWindow constructor started
[2025-12-03 02:45:49.148] [INFO ] ExcelExporter initialized, script path: C:/Users/lastg/Desktop/Version_FINAL V3 (2)/Version_FINAL V3/Verion_FINALE/Verion_FINALE/python_scripts/financial_export.py
[2025-12-03 02:45:49.338] [INFO ] Setting role for user admin: admin (converted to: admin)
[2025-12-03 02:45:49.338] [INFO ] Role restrictions applied - Client:1 Commande:1 Stock:1 Transaction:1 Employee:1
[2025-12-03 02:45:49.338] [INFO ] Opened Employee tab for role: admin
[2025-12-03 02:45:49.498] [INFO ] MainWindow created and shown successfully
[2025-12-03 02:46:46.302] [INFO ] === VoltShop Application Exited with code 0 ===
[2025-12-03 02:46:46.304] [INFO ] Login dialog destroyed
[2025-12-03 02:46:46.360] [INFO ] === Logger shutting down ===
[2025-12-03 02:47:13.411] [INFO ] === Logger initialized ===
[2025-12-03 02:47:13.418] [INFO ] Signal handlers installed
[2025-12-03 02:47:13.418] [INFO ] === VoltShop Application Started ===
[2025-12-03 02:47:13.658] [INFO ] Database connection established successfully
[2025-12-03 02:47:13.716] [INFO ] Login dialog created
[2025-12-03 02:47:20.720] [INFO ] Login attempt for user: admin
[2025-12-03 02:47:20.720] [INFO ] Retrieved role from database: 'admin' for user: admin
[2025-12-03 02:47:20.720] [DEBUG] Using plain text password verification for user: admin
[2025-12-03 02:47:20.720] [DEBUG] User authenticated - Role: admin, TOTP: not set
[2025-12-03 02:47:20.720] [INFO ] User admin authenticated successfully, role: admin
[2025-12-03 02:47:20.728] [INFO ] User admin does not have 2FA enabled
[2025-12-03 02:47:22.308] [INFO ] User admin declined 2FA enrollment, proceeding without 2FA
[2025-12-03 02:47:22.308] [INFO ] Full authentication successful for user: admin
[2025-12-03 02:47:22.308] [INFO ] Scheduling MainWindow creation for user: admin with role: admin
[2025-12-03 02:47:22.308] [INFO ] Creating MainWindow instance
[2025-12-03 02:47:22.788] [INFO ] MainWindow constructor started
[2025-12-03 02:47:22.788] [INFO ] ExcelExporter initialized, script path: C:/Users/lastg/Desktop/Version_FINAL V3 (2)/Version_FINAL V3/Verion_FINALE/Verion_FINALE/python_scripts/financial_export.py
[2025-12-03 02:47:22.958] [INFO ] Setting role for user admin: admin (converted to: admin)
[2025-12-03 02:47:22.962] [INFO ] Role restrictions applied - Client:1 Commande:1 Stock:1 Transaction:1 Employee:1
[2025-12-03 02:47:22.962] [INFO ] Opened Employee tab for role: admin
[2025-12-03 02:47:23.120] [INFO ] MainWindow created and shown successfully
[2025-12-03 02:47:27.892] [INFO ] === VoltShop Application Exited with code 0 ===
[2025-12-03 02:47:27.892] [INFO ] Login dialog destroyed
[2025-12-03 02:47:27.948] [INFO ] === Logger shutting down ===
[2025-12-03 02:48:13.588] [INFO ] === Logger initialized ===
[2025-12-03 02:48:13.588] [INFO ] Signal handlers installed
[2025-12-03 02:48:13.588] [INFO ] === VoltShop Application Started ===
[2025-12-03 02:48:13.780] [INFO ] Database connection established successfully
[2025-12-03 02:48:13.827] [INFO ] Login dialog created
[2025-12-03 02:48:20.111] [INFO ] Login attempt for user: admin
[2025-12-03 02:48:20.118] [INFO ] Retrieved role from database: 'admin' for user: admin
[2025-12-03 02:48:20.118] [DEBUG] Using plain text password verification for user: admin
[2025-12-03 02:48:20.118] [DEBUG] User authenticated - Role: admin, TOTP: not set
[2025-12-03 02:48:20.118] [INFO ] User admin authenticated successfully, role: admin
[2025-12-03 02:48:20.118] [INFO ] User admin does not have 2FA enabled
[2025-12-03 02:48:21.106] [INFO ] User admin declined 2FA enrollment, proceeding without 2FA
[2025-12-03 02:48:21.106] [INFO ] Full authentication successful for user: admin
[2025-12-03 02:48:21.106] [INFO ] Scheduling MainWindow creation for user: admin with role: admin
[2025-12-03 02:48:21.107] [INFO ] Creating MainWindow instance
[2025-12-03 02:48:21.588] [INFO ] MainWindow constructor started
[2025-12-03 02:48:21.588] [INFO ] ExcelExporter initialized, script path: C:/Users/lastg/Desktop/Version_FINAL V3 (2)/Version_FINAL V3/Verion_FINALE/Verion_FINALE/python_scripts/financial_export.py
[2025-12-03 02:48:21.719] [INFO ] Setting role for user admin: admin (converted to: admin)
[2025-12-03 02:48:21.719] [INFO ] Role restrictions applied - Client:1 Commande:1 Stock:1 Transaction:1 Employee:1
[2025-12-03 02:48:21.719] [INFO ] Opened Employee tab for role: admin
[2025-12-03 02:48:21.818] [INFO ] MainWindow created and shown successfully
[2025-12-03 02:48:35.860] [INFO ] User admin logging out
[2025-12-03 02:48:35.884] [INFO ] Login dialog created
[2025-12-03 02:48:35.957] [INFO ] Login dialog created for re-authentication
[2025-12-03 02:48:36.061] [INFO ] Deleting MainWindow after logout
[2025-12-03 02:48:36.062] [INFO ] MainWindow destructor called
[2025-12-03 02:48:36.062] [INFO ] MainWindow destructor completed
[2025-12-03 02:54:05.478] [INFO ] Login dialog destroyed
[2025-12-03 02:54:05.481] [INFO ] === VoltShop Application Exited with code 0 ===
[2025-12-03 02:54:05.482] [INFO ] Login dialog destroyed
[2025-12-03 02:54:05.494] [INFO ] === Logger shutting down ===
[2025-12-03 02:54:06.751] [INFO ] === Logger initialized ===
[2025-12-03 02:54:06.751] [INFO ] Signal handlers installed
[2025-12-03 02:54:06.751] [INFO ] === VoltShop Application Started ===
[2025-12-03 02:54:06.826] [INFO ] Database connection established successfully
[2025-12-03 02:54:06.847] [INFO ] Login dialog created
[2025-12-03 02:54:12.037] [INFO ] Login attempt for user: admin
[2025-12-03 02:54:12.039] [INFO ] Retrieved role from database: 'admin' for user: admin
[2025-12-03 02:54:12.039] [DEBUG] Using plain text password verification for user: admin
[2025-12-03 02:54:12.039] [DEBUG] User authenticated - Role: admin, TOTP: not set
[2025-12-03 02:54:12.039] [INFO ] User admin authenticated successfully, role: admin
[2025-12-03 02:54:12.039] [INFO ] User admin does not have 2FA enabled
[2025-12-03 02:54:14.347] [INFO ] User admin declined 2FA enrollment, proceeding without 2FA
[2025-12-03 02:54:14.347] [INFO ] Full authentication successful for user: admin
[2025-12-03 02:54:14.347] [INFO ] Scheduling MainWindow creation for user: admin with role: admin
[2025-12-03 02:54:14.347] [INFO ] Creating MainWindow instance
[2025-12-03 02:54:14.597] [INFO ] MainWindow constructor started
[2025-12-03 02:54:14.597] [INFO ] ExcelExporter initialized, script path: C:/Users/lastg/Desktop/Version_FINAL V3 (2)/Version_FINAL V3/Verion_FINALE/Verion_FINALE/python_scripts/financial_export.py
[2025-12-03 02:54:14.675] [INFO ] Setting role for user admin: admin (converted to: admin)
[2025-12-03 02:54:14.675] [INFO ] Role restrictions applied - Client:1 Commande:1 Stock:1 Transaction:1 Employee:1
[2025-12-03 02:54:14.677] [INFO ] Opened Employee tab for role: admin
[2025-12-03 02:54:14.737] [INFO ] MainWindow created and shown successfully
[2025-12-03 02:54:29.658] [INFO ] Excel export button clicked
[2025-12-03 02:54:32.377] [INFO ] Fetched 4 transactions from database
[2025-12-03 02:54:32.415] [INFO ] Found Python executable: python
[2025-12-03 02:54:32.415] [INFO ] Launching Python: python C:/Users/lastg/Desktop/Version_FINAL V3 (2)/Version_FINAL V3/Verion_FINALE/Verion_FINALE/python_scripts/financial_export.py C:/Users/lastg/Documents/Bilan_Financier_20251203_025429.xlsx
[2025-12-03 02:54:32.523] [INFO ] Python process exited with code: 1
[2025-12-03 02:54:32.523] [ERROR] Python stderr:   File "C:\Users\lastg\Desktop\Version_FINAL V3 (2)\Version_FINAL V3\Verion_FINALE\Verion_FINALE\python_scripts\financial_export.py", line 432
    return True
    ^^^^^^^^^^^
SyntaxError: 'return' outside function

[2025-12-03 02:54:32.523] [ERROR] Erreur lors de l'export:
  File "C:\Users\lastg\Desktop\Version_FINAL V3 (2)\Version_FINAL V3\Verion_FINALE\Verion_FINALE\python_scripts\financial_export.py", line 432
    return True
    ^^^^^^^^^^^
SyntaxError: 'return' outside function

[2025-12-03 02:59:02.319] [INFO ] === VoltShop Application Exited with code 0 ===
[2025-12-03 02:59:02.320] [INFO ] Login dialog destroyed
[2025-12-03 02:59:02.338] [INFO ] === Logger shutting down ===
[2025-12-03 02:59:17.707] [INFO ] === Logger initialized ===
[2025-12-03 02:59:17.707] [INFO ] Signal handlers installed
[2025-12-03 02:59:17.707] [INFO ] === VoltShop Application Started ===
[2025-12-03 02:59:17.785] [INFO ] Database connection established successfully
[2025-12-03 02:59:17.806] [INFO ] Login dialog created
[2025-12-03 02:59:27.446] [INFO ] Login attempt for user: admin
[2025-12-03 02:59:27.450] [INFO ] Retrieved role from database: 'admin' for user: admin
[2025-12-03 02:59:27.450] [DEBUG] Using plain text password verification for user: admin
[2025-12-03 02:59:27.450] [DEBUG] User authenticated - Role: admin, TOTP: not set
[2025-12-03 02:59:27.450] [INFO ] User admin authenticated successfully, role: admin
[2025-12-03 02:59:27.450] [INFO ] User admin does not have 2FA enabled
[2025-12-03 02:59:28.986] [INFO ] User admin declined 2FA enrollment, proceeding without 2FA
[2025-12-03 02:59:28.986] [INFO ] Full authentication successful for user: admin
[2025-12-03 02:59:28.986] [INFO ] Scheduling MainWindow creation for user: admin with role: admin
[2025-12-03 02:59:28.986] [INFO ] Creating MainWindow instance
[2025-12-03 02:59:29.230] [INFO ] MainWindow constructor started
[2025-12-03 02:59:29.230] [INFO ] ExcelExporter initialized, script path: C:/Users/lastg/Desktop/Version_FINAL V3 (2)/Version_FINAL V3/Verion_FINALE/Verion_FINALE/python_scripts/financial_export.py
[2025-12-03 02:59:29.306] [INFO ] Setting role for user admin: admin (converted to: admin)
[2025-12-03 02:59:29.306] [INFO ] Role restrictions applied - Client:1 Commande:1 Stock:1 Transaction:1 Employee:1
[2025-12-03 02:59:29.306] [INFO ] Opened Employee tab for role: admin
[2025-12-03 02:59:29.375] [INFO ] MainWindow created and shown successfully
[2025-12-03 02:59:40.366] [INFO ] Excel export button clicked
[2025-12-03 02:59:41.819] [INFO ] Fetched 4 transactions from database
[2025-12-03 02:59:41.846] [INFO ] Found Python executable: python
[2025-12-03 02:59:41.846] [INFO ] Launching Python: python C:/Users/lastg/Desktop/Version_FINAL V3 (2)/Version_FINAL V3/Verion_FINALE/Verion_FINALE/python_scripts/financial_export.py C:/Users/lastg/Documents/Bilan_Financier_20251203_025940.xlsx
[2025-12-03 02:59:42.035] [INFO ] Python process exited with code: 0
[2025-12-03 02:59:42.035] [INFO ] Python stdout: SUCCESS: Excel file created: C:/Users/lastg/Documents/Bilan_Financier_20251203_025940.xlsx

[2025-12-03 02:59:42.035] [INFO ] Bilan Financier exporté avec succès:
C:/Users/lastg/Documents/Bilan_Financier_20251203_025940.xlsx
[2025-12-03 03:00:04.286] [INFO ] User admin logging out
[2025-12-03 03:00:04.306] [INFO ] Login dialog created
[2025-12-03 03:00:04.355] [INFO ] Login dialog created for re-authentication
[2025-12-03 03:00:04.459] [INFO ] Deleting MainWindow after logout
[2025-12-03 03:00:04.459] [INFO ] MainWindow destructor called
[2025-12-03 03:00:04.459] [INFO ] MainWindow destructor completed
[2025-12-03 03:00:12.341] [INFO ] Login dialog destroyed
[2025-12-03 03:00:12.341] [INFO ] === VoltShop Application Exited with code 0 ===
[2025-12-03 03:00:12.341] [INFO ] Login dialog destroyed
[2025-12-03 03:00:12.372] [INFO ] === Logger shutting down ===
[2025-12-03 03:01:02.613] [INFO ] === Logger initialized ===
[2025-12-03 03:01:02.614] [INFO ] Signal handlers installed
[2025-12-03 03:01:02.614] [INFO ] === VoltShop Application Started ===
[2025-12-03 03:01:03.155] [INFO ] Database connection established successfully
[2025-12-03 03:01:03.323] [INFO ] Login dialog created
[2025-12-03 03:01:09.359] [INFO ] Login attempt for user: admin
[2025-12-03 03:01:09.365] [INFO ] Retrieved role from database: 'admin' for user: admin
[2025-12-03 03:01:09.365] [DEBUG] Using plain text password verification for user: admin
[2025-12-03 03:01:09.365] [DEBUG] User authenticated - Role: admin, TOTP: not set
[2025-12-03 03:01:09.365] [INFO ] User admin authenticated successfully, role: admin
[2025-12-03 03:01:09.365] [INFO ] User admin does not have 2FA enabled
[2025-12-03 03:01:10.983] [INFO ] User admin declined 2FA enrollment, proceeding without 2FA
[2025-12-03 03:01:10.983] [INFO ] Full authentication successful for user: admin
[2025-12-03 03:01:10.983] [INFO ] Scheduling MainWindow creation for user: admin with role: admin
[2025-12-03 03:01:10.983] [INFO ] Creating MainWindow instance
[2025-12-03 03:01:12.200] [INFO ] MainWindow constructor started
[2025-12-03 03:01:12.205] [INFO ] ExcelExporter initialized, script path: C:/Users/lastg/Desktop/Version_FINAL V3 (2)/Version_FINAL V3/Verion_FINALE/Verion_FINALE/python_scripts/financial_export.py
[2025-12-03 03:01:12.455] [INFO ] Setting role for user admin: admin (converted to: admin)
[2025-12-03 03:01:12.455] [INFO ] Role restrictions applied - Client:1 Commande:1 Stock:1 Transaction:1 Employee:1
[2025-12-03 03:01:12.455] [INFO ] Opened Employee tab for role: admin
[2025-12-03 03:01:12.804] [INFO ] MainWindow created and shown successfully
[2025-12-03 03:01:24.115] [INFO ] User admin logging out
[2025-12-03 03:01:24.145] [INFO ] Login dialog created
[2025-12-03 03:01:24.215] [INFO ] Login dialog created for re-authentication
[2025-12-03 03:01:24.317] [INFO ] Deleting MainWindow after logout
[2025-12-03 03:01:24.318] [INFO ] MainWindow destructor called
[2025-12-03 03:01:24.319] [INFO ] MainWindow destructor completed
[2025-12-03 03:01:29.135] [INFO ] Login dialog destroyed
[2025-12-03 03:01:29.149] [INFO ] === VoltShop Application Exited with code 0 ===
[2025-12-03 03:01:29.149] [INFO ] Login dialog destroyed
[2025-12-03 03:01:29.211] [INFO ] === Logger shutting down ===
[2025-12-03 03:04:14.250] [INFO ] === Logger initialized ===
[2025-12-03 03:04:14.250] [INFO ] Signal handlers installed
[2025-12-03 03:04:14.250] [INFO ] === VoltShop Application Started ===
[2025-12-03 03:04:14.325] [INFO ] Database connection established successfully
[2025-12-03 03:04:14.346] [INFO ] Login dialog created
[2025-12-03 03:04:21.635] [INFO ] Login attempt for user: admin
[2025-12-03 03:04:21.638] [INFO ] Retrieved role from database: 'admin' for user: admin
[2025-12-03 03:04:21.638] [DEBUG] Using plain text password verification for user: admin
[2025-12-03 03:04:21.638] [DEBUG] User authenticated - Role: admin, TOTP: not set
[2025-12-03 03:04:21.639] [INFO ] User admin authenticated successfully, role: admin
[2025-12-03 03:04:21.639] [INFO ] User admin does not have 2FA enabled
[2025-12-03 03:04:23.875] [INFO ] User admin declined 2FA enrollment, proceeding without 2FA
[2025-12-03 03:04:23.875] [INFO ] Full authentication successful for user: admin
[2025-12-03 03:04:23.875] [INFO ] Scheduling MainWindow creation for user: admin with role: admin
[2025-12-03 03:04:23.875] [INFO ] Creating MainWindow instance
[2025-12-03 03:04:24.117] [INFO ] MainWindow constructor started
[2025-12-03 03:04:24.117] [INFO ] ExcelExporter initialized, script path: C:/Users/lastg/Desktop/Version_FINAL V3 (2)/Version_FINAL V3/Verion_FINALE/Verion_FINALE/python_scripts/financial_export.py
[2025-12-03 03:04:24.195] [INFO ] Setting role for user admin: admin (converted to: admin)
[2025-12-03 03:04:24.195] [INFO ] Role restrictions applied - Client:1 Commande:1 Stock:1 Transaction:1 Employee:1
[2025-12-03 03:04:24.196] [INFO ] Opened Employee tab for role: admin
[2025-12-03 03:04:24.263] [INFO ] MainWindow created and shown successfully
[2025-12-03 03:05:00.808] [INFO ] === VoltShop Application Exited with code 0 ===
[2025-12-03 03:05:00.808] [INFO ] Login dialog destroyed
[2025-12-03 03:05:00.843] [INFO ] === Logger shutting down ===
[2025-12-03 03:05:50.267] [INFO ] === Logger initialized ===
[2025-12-03 03:05:50.267] [INFO ] Signal handlers installed
[2025-12-03 03:05:50.267] [INFO ] === VoltShop Application Started ===
[2025-12-03 03:05:50.340] [INFO ] Database connection established successfully
[2025-12-03 03:05:50.362] [INFO ] Login dialog created
[2025-12-03 03:06:05.268] [INFO ] Login attempt for user: admin
[2025-12-03 03:06:05.272] [INFO ] Retrieved role from database: 'admin' for user: admin
[2025-12-03 03:06:05.273] [DEBUG] Using plain text password verification for user: admin
[2025-12-03 03:06:05.273] [DEBUG] User authenticated - Role: admin, TOTP: not set
[2025-12-03 03:06:05.273] [INFO ] User admin authenticated successfully, role: admin
[2025-12-03 03:06:05.273] [INFO ] User admin does not have 2FA enabled
[2025-12-03 03:06:07.208] [INFO ] User admin declined 2FA enrollment, proceeding without 2FA
[2025-12-03 03:06:07.208] [INFO ] Full authentication successful for user: admin
[2025-12-03 03:06:07.215] [INFO ] Scheduling MainWindow creation for user: admin with role: admin
[2025-12-03 03:06:07.215] [INFO ] Creating MainWindow instance
[2025-12-03 03:06:07.455] [INFO ] MainWindow constructor started
[2025-12-03 03:06:07.455] [INFO ] ExcelExporter initialized, script path: C:/Users/lastg/Desktop/Version_FINAL V3 (2)/Version_FINAL V3/Verion_FINALE/Verion_FINALE/python_scripts/financial_export.py
[2025-12-03 03:06:07.541] [INFO ] Setting role for user admin: admin (converted to: admin)
[2025-12-03 03:06:07.541] [INFO ] Role restrictions applied - Client:1 Commande:1 Stock:1 Transaction:1 Employee:1
[2025-12-03 03:06:07.542] [INFO ] Opened Employee tab for role: admin
[2025-12-03 03:06:07.608] [INFO ] MainWindow created and shown successfully
[2025-12-03 03:06:17.705] [INFO ] === VoltShop Application Exited with code 0 ===
[2025-12-03 03:06:17.705] [INFO ] Login dialog destroyed
[2025-12-03 03:06:17.746] [INFO ] === Logger shutting down ===
[2025-12-03 03:06:59.029] [INFO ] === Logger initialized ===
[2025-12-03 03:06:59.029] [INFO ] Signal handlers installed
[2025-12-03 03:06:59.034] [INFO ] === VoltShop Application Started ===
[2025-12-03 03:06:59.114] [INFO ] Database connection established successfully
[2025-12-03 03:06:59.135] [INFO ] Login dialog created
[2025-12-03 03:07:06.248] [INFO ] Login attempt for user: admin
[2025-12-03 03:07:06.254] [INFO ] Retrieved role from database: 'admin' for user: admin
[2025-12-03 03:07:06.255] [DEBUG] Using plain text password verification for user: admin
[2025-12-03 03:07:06.255] [DEBUG] User authenticated - Role: admin, TOTP: not set
[2025-12-03 03:07:06.255] [INFO ] User admin authenticated successfully, role: admin
[2025-12-03 03:07:06.255] [INFO ] User admin does not have 2FA enabled
[2025-12-03 03:07:08.856] [INFO ] User admin declined 2FA enrollment, proceeding without 2FA
[2025-12-03 03:07:08.856] [INFO ] Full authentication successful for user: admin
[2025-12-03 03:07:08.856] [INFO ] Scheduling MainWindow creation for user: admin with role: admin
[2025-12-03 03:07:08.863] [INFO ] Creating MainWindow instance
[2025-12-03 03:07:09.104] [INFO ] MainWindow constructor started
[2025-12-03 03:07:09.104] [INFO ] ExcelExporter initialized, script path: C:/Users/lastg/Desktop/Version_FINAL V3 (2)/Version_FINAL V3/Verion_FINALE/Verion_FINALE/python_scripts/financial_export.py
[2025-12-03 03:07:09.186] [INFO ] Setting role for user admin: admin (converted to: admin)
[2025-12-03 03:07:09.186] [INFO ] Role restrictions applied - Client:1 Commande:1 Stock:1 Transaction:1 Employee:1
[2025-12-03 03:07:09.187] [INFO ] Opened Employee tab for role: admin
[2025-12-03 03:07:09.255] [INFO ] MainWindow created and shown successfully
[2025-12-03 03:13:18.152] [INFO ] === VoltShop Application Exited with code 0 ===
[2025-12-03 03:13:18.152] [INFO ] Login dialog destroyed
[2025-12-03 03:13:18.168] [INFO ] === Logger shutting down ===
[2025-12-03 03:13:37.333] [INFO ] === Logger initialized ===
[2025-12-03 03:13:37.335] [INFO ] Signal handlers installed
[2025-12-03 03:13:37.335] [INFO ] === VoltShop Application Started ===
[2025-12-03 03:13:37.413] [INFO ] Database connection established successfully
[2025-12-03 03:13:37.435] [INFO ] Login dialog created
[2025-12-03 03:13:45.453] [INFO ] Login attempt for user: admin
[2025-12-03 03:13:45.459] [INFO ] Retrieved role from database: 'admin' for user: admin
[2025-12-03 03:13:45.459] [DEBUG] Using plain text password verification for user: admin
[2025-12-03 03:13:45.459] [DEBUG] User authenticated - Role: admin, TOTP: not set
[2025-12-03 03:13:45.459] [INFO ] User admin authenticated successfully, role: admin
[2025-12-03 03:13:45.460] [INFO ] User admin does not have 2FA enabled
[2025-12-03 03:13:46.653] [INFO ] User admin declined 2FA enrollment, proceeding without 2FA
[2025-12-03 03:13:46.653] [INFO ] Full authentication successful for user: admin
[2025-12-03 03:13:46.655] [INFO ] Scheduling MainWindow creation for user: admin with role: admin
[2025-12-03 03:13:46.655] [INFO ] Creating MainWindow instance
[2025-12-03 03:13:46.903] [INFO ] MainWindow constructor started
[2025-12-03 03:13:46.904] [INFO ] ExcelExporter initialized, script path: C:/Users/lastg/Desktop/Version_FINAL V3 (2)/Version_FINAL V3/Verion_FINALE/Verion_FINALE/python_scripts/financial_export.py
[2025-12-03 03:13:46.982] [INFO ] Setting role for user admin: admin (converted to: admin)
[2025-12-03 03:13:46.982] [INFO ] Role restrictions applied - Client:1 Commande:1 Stock:1 Transaction:1 Employee:1
[2025-12-03 03:13:46.982] [INFO ] Opened Employee tab for role: admin
[2025-12-03 03:13:47.050] [INFO ] MainWindow created and shown successfully
[2025-12-03 03:19:10.602] [INFO ] User admin logging out
[2025-12-03 03:19:10.627] [INFO ] Login dialog created
[2025-12-03 03:19:10.696] [INFO ] Login dialog created for re-authentication
[2025-12-03 03:19:10.798] [INFO ] Deleting MainWindow after logout
[2025-12-03 03:19:10.798] [INFO ] MainWindow destructor called
[2025-12-03 03:19:10.798] [INFO ] MainWindow destructor completed
[2025-12-03 03:19:17.535] [INFO ] Login attempt for user: admin
[2025-12-03 03:19:17.537] [INFO ] Retrieved role from database: 'admin' for user: admin
[2025-12-03 03:19:17.537] [DEBUG] Using plain text password verification for user: admin
[2025-12-03 03:19:17.537] [DEBUG] User authenticated - Role: admin, TOTP: not set
[2025-12-03 03:19:17.538] [INFO ] User admin authenticated successfully, role: admin
[2025-12-03 03:19:17.538] [INFO ] User admin does not have 2FA enabled
[2025-12-03 03:19:18.903] [INFO ] User admin declined 2FA enrollment, proceeding without 2FA
[2025-12-03 03:19:18.903] [INFO ] Full authentication successful for user: admin
[2025-12-03 03:19:18.903] [INFO ] Scheduling MainWindow creation for user: admin with role: admin
[2025-12-03 03:19:18.903] [INFO ] Creating MainWindow instance
[2025-12-03 03:19:19.150] [INFO ] MainWindow constructor started
[2025-12-03 03:19:19.150] [INFO ] ExcelExporter initialized, script path: C:/Users/lastg/Desktop/Version_FINAL V3 (2)/Version_FINAL V3/Verion_FINALE/Verion_FINALE/python_scripts/financial_export.py
[2025-12-03 03:19:19.220] [INFO ] Setting role for user admin: admin (converted to: admin)
[2025-12-03 03:19:19.220] [INFO ] Role restrictions applied - Client:1 Commande:1 Stock:1 Transaction:1 Employee:1
[2025-12-03 03:19:19.221] [INFO ] Opened Employee tab for role: admin
[2025-12-03 03:19:19.237] [INFO ] MainWindow created and shown successfully
[2025-12-03 03:20:22.966] [INFO ] === VoltShop Application Exited with code 0 ===
[2025-12-03 03:20:22.966] [INFO ] Login dialog destroyed
[2025-12-03 03:20:23.011] [INFO ] === Logger shutting down ===
[2025-12-03 03:20:49.999] [INFO ] === Logger initialized ===
[2025-12-03 03:20:49.999] [INFO ] Signal handlers installed
[2025-12-03 03:20:49.999] [INFO ] === VoltShop Application Started ===
[2025-12-03 03:20:50.550] [INFO ] Database connection established successfully
[2025-12-03 03:20:50.722] [INFO ] Login dialog created
[2025-12-03 03:21:01.172] [INFO ] Login attempt for user: admin
[2025-12-03 03:21:01.177] [INFO ] Retrieved role from database: 'admin' for user: admin
[2025-12-03 03:21:01.179] [DEBUG] Using plain text password verification for user: admin
[2025-12-03 03:21:01.180] [DEBUG] User authenticated - Role: admin, TOTP: not set
[2025-12-03 03:21:01.180] [INFO ] User admin authenticated successfully, role: admin
[2025-12-03 03:21:01.181] [INFO ] User admin does not have 2FA enabled
[2025-12-03 03:21:02.432] [INFO ] User admin declined 2FA enrollment, proceeding without 2FA
[2025-12-03 03:21:02.437] [INFO ] Full authentication successful for user: admin
[2025-12-03 03:21:02.437] [INFO ] Scheduling MainWindow creation for user: admin with role: admin
[2025-12-03 03:21:02.437] [INFO ] Creating MainWindow instance
[2025-12-03 03:21:03.672] [INFO ] MainWindow constructor started
[2025-12-03 03:21:03.675] [INFO ] ExcelExporter initialized, script path: C:/Users/lastg/Desktop/Version_FINAL V3 (2)/Version_FINAL V3/Verion_FINALE/Verion_FINALE/python_scripts/financial_export.py
[2025-12-03 03:21:03.906] [INFO ] Setting role for user admin: admin (converted to: admin)
[2025-12-03 03:21:03.907] [INFO ] Role restrictions applied - Client:1 Commande:1 Stock:1 Transaction:1 Employee:1
[2025-12-03 03:21:03.909] [INFO ] Opened Employee tab for role: admin
[2025-12-03 03:21:04.248] [INFO ] MainWindow created and shown successfully
[2025-12-03 03:21:17.802] [INFO ] User admin logging out
[2025-12-03 03:21:17.824] [INFO ] Login dialog created
[2025-12-03 03:21:17.884] [INFO ] Login dialog created for re-authentication
[2025-12-03 03:21:17.988] [INFO ] Deleting MainWindow after logout
[2025-12-03 03:21:17.989] [INFO ] MainWindow destructor called
[2025-12-03 03:21:17.989] [INFO ] MainWindow destructor completed
[2025-12-03 03:21:19.432] [INFO ] Login dialog destroyed
[2025-12-03 03:21:19.442] [INFO ] === VoltShop Application Exited with code 0 ===
[2025-12-03 03:21:19.442] [INFO ] Login dialog destroyed
[2025-12-03 03:21:19.510] [INFO ] === Logger shutting down ===
[2025-12-03 03:23:03.745] [INFO ] === Logger initialized ===
[2025-12-03 03:23:03.745] [INFO ] Signal handlers installed
[2025-12-03 03:23:03.745] [INFO ] === VoltShop Application Started ===
[2025-12-03 03:23:04.284] [INFO ] Database connection established successfully
[2025-12-03 03:23:04.451] [INFO ] Login dialog created
[2025-12-03 03:23:16.864] [INFO ] Login attempt for user: admin
[2025-12-03 03:23:16.869] [INFO ] Retrieved role from database: 'admin' for user: admin
[2025-12-03 03:23:16.870] [DEBUG] Using plain text password verification for user: admin
[2025-12-03 03:23:16.871] [DEBUG] User authenticated - Role: admin, TOTP: not set
[2025-12-03 03:23:16.871] [INFO ] User admin authenticated successfully, role: admin
[2025-12-03 03:23:16.872] [INFO ] User admin does not have 2FA enabled
[2025-12-03 03:23:18.584] [INFO ] User admin declined 2FA enrollment, proceeding without 2FA
[2025-12-03 03:23:18.584] [INFO ] Full authentication successful for user: admin
[2025-12-03 03:23:18.585] [INFO ] Scheduling MainWindow creation for user: admin with role: admin
[2025-12-03 03:23:18.585] [INFO ] Creating MainWindow instance
[2025-12-03 03:23:19.841] [INFO ] MainWindow constructor started
[2025-12-03 03:23:19.844] [INFO ] ExcelExporter initialized, script path: C:/Users/lastg/Desktop/Version_FINAL V3 (2)/Version_FINAL V3/Verion_FINALE/Verion_FINALE/python_scripts/financial_export.py
[2025-12-03 03:23:20.071] [INFO ] Setting role for user admin: admin (converted to: admin)
[2025-12-03 03:23:20.076] [INFO ] Role restrictions applied - Client:1 Commande:1 Stock:1 Transaction:1 Employee:1
[2025-12-03 03:23:20.077] [INFO ] Opened Employee tab for role: admin
[2025-12-03 03:23:20.421] [INFO ] MainWindow created and shown successfully
[2025-12-03 03:23:59.651] [INFO ] === VoltShop Application Exited with code 0 ===
[2025-12-03 03:23:59.651] [INFO ] Login dialog destroyed
[2025-12-03 03:23:59.715] [INFO ] === Logger shutting down ===
[2025-12-03 03:28:00.971] [INFO ] === Logger initialized ===
[2025-12-03 03:28:00.971] [INFO ] Signal handlers installed
[2025-12-03 03:28:00.973] [INFO ] === VoltShop Application Started ===
[2025-12-03 03:28:01.055] [INFO ] Database connection established successfully
[2025-12-03 03:28:01.076] [INFO ] Login dialog created
[2025-12-03 03:28:07.511] [INFO ] Login attempt for user: admin
[2025-12-03 03:28:07.513] [INFO ] Retrieved role from database: 'admin' for user: admin
[2025-12-03 03:28:07.514] [DEBUG] Using plain text password verification for user: admin
[2025-12-03 03:28:07.514] [DEBUG] User authenticated - Role: admin, TOTP: not set
[2025-12-03 03:28:07.514] [INFO ] User admin authenticated successfully, role: admin
[2025-12-03 03:28:07.514] [INFO ] User admin does not have 2FA enabled
[2025-12-03 03:28:08.971] [INFO ] User admin declined 2FA enrollment, proceeding without 2FA
[2025-12-03 03:28:08.971] [INFO ] Full authentication successful for user: admin
[2025-12-03 03:28:08.971] [INFO ] Scheduling MainWindow creation for user: admin with role: admin
[2025-12-03 03:28:08.971] [INFO ] Creating MainWindow instance
[2025-12-03 03:28:09.222] [INFO ] MainWindow constructor started
[2025-12-03 03:28:09.222] [INFO ] ExcelExporter initialized, script path: C:/Users/lastg/Desktop/Version_FINAL V3 (2)/Version_FINAL V3/Verion_FINALE/Verion_FINALE/python_scripts/financial_export.py
[2025-12-03 03:28:09.309] [INFO ] Setting role for user admin: admin (converted to: admin)
[2025-12-03 03:28:09.311] [INFO ] Role restrictions applied - Client:1 Commande:1 Stock:1 Transaction:1 Employee:1
[2025-12-03 03:28:09.312] [INFO ] Opened Employee tab for role: admin
[2025-12-03 03:28:09.376] [INFO ] MainWindow created and shown successfully
[2025-12-03 03:28:23.982] [INFO ] === VoltShop Application Exited with code 0 ===
[2025-12-03 03:28:23.982] [INFO ] Login dialog destroyed
[2025-12-03 03:28:24.041] [INFO ] === Logger shutting down ===
[2025-12-03 12:54:27.582] [INFO ] === Logger initialized ===
[2025-12-03 12:54:27.589] [INFO ] Signal handlers installed
[2025-12-03 12:54:27.596] [INFO ] === VoltShop Application Started ===
[2025-12-03 12:54:27.830] [INFO ] Database connection established successfully
[2025-12-03 12:54:27.893] [INFO ] Login dialog created
[2025-12-03 12:54:34.538] [INFO ] Login attempt for user: adm
[2025-12-03 12:54:34.549] [INFO ] Retrieved role from database: 'worker' for user: adm
[2025-12-03 12:54:34.556] [DEBUG] Using plain text password verification for user: adm
[2025-12-03 12:54:34.562] [DEBUG] User authenticated - Role: worker, TOTP: set
[2025-12-03 12:54:34.567] [INFO ] User adm authenticated successfully, role: worker
[2025-12-03 12:54:34.573] [INFO ] User adm requires TOTP verification
[2025-12-03 12:55:53.429] [INFO ] === Logger initialized ===
[2025-12-03 12:55:53.430] [INFO ] Signal handlers installed
[2025-12-03 12:55:53.430] [INFO ] === VoltShop Application Started ===
[2025-12-03 12:55:53.548] [INFO ] Database connection established successfully
[2025-12-03 12:55:53.578] [INFO ] Login dialog created
[2025-12-03 12:56:00.452] [INFO ] Login attempt for user: adm
[2025-12-03 12:56:00.455] [INFO ] Retrieved role from database: 'worker' for user: adm
[2025-12-03 12:56:00.455] [DEBUG] Using plain text password verification for user: adm
[2025-12-03 12:56:00.455] [DEBUG] User authenticated - Role: worker, TOTP: set
[2025-12-03 12:56:00.456] [INFO ] User adm authenticated successfully, role: worker
[2025-12-03 12:56:00.456] [INFO ] User adm requires TOTP verification
[2025-12-03 12:56:11.134] [INFO ] TOTP verification successful for user: adm
[2025-12-03 12:56:11.135] [INFO ] Full authentication successful for user: adm
[2025-12-03 12:56:11.135] [INFO ] Scheduling MainWindow creation for user: adm with role: worker
[2025-12-03 12:56:11.136] [INFO ] Creating MainWindow instance
[2025-12-03 12:56:11.509] [INFO ] MainWindow constructor started
[2025-12-03 12:56:11.510] [INFO ] ExcelExporter initialized, script path: D:/2eme esprit/projet/Version_FINAL V5/Version_FINAL V3 (2)/Version_FINAL V3/Verion_FINALE/Verion_FINALE/python_scripts/financial_export.py
[2025-12-03 12:56:11.628] [INFO ] Setting role for user adm: worker (converted to: worker)
[2025-12-03 12:56:11.628] [INFO ] Role restrictions applied - Client:0 Commande:0 Stock:0 Transaction:0 Employee:0
[2025-12-03 12:56:11.628] [WARN ] Unknown role: worker, defaulting to Client tab
[2025-12-03 12:56:11.752] [INFO ] MainWindow created and shown successfully
[2025-12-03 13:06:47.124] [INFO ] User adm logging out
[2025-12-03 13:06:47.142] [INFO ] Login dialog created
[2025-12-03 13:06:47.200] [INFO ] Login dialog created for re-authentication
[2025-12-03 13:06:47.308] [INFO ] Deleting MainWindow after logout
[2025-12-03 13:06:47.309] [INFO ] MainWindow destructor called
[2025-12-03 13:06:47.310] [INFO ] MainWindow destructor completed
[2025-12-03 13:06:52.358] [INFO ] Login attempt for user: adm
[2025-12-03 13:06:52.361] [INFO ] Retrieved role from database: 'worker' for user: adm
[2025-12-03 13:06:52.362] [DEBUG] Using plain text password verification for user: adm
[2025-12-03 13:06:52.362] [DEBUG] User authenticated - Role: worker, TOTP: set
[2025-12-03 13:06:52.362] [INFO ] User adm authenticated successfully, role: worker
[2025-12-03 13:06:52.363] [INFO ] User adm requires TOTP verification
[2025-12-03 13:07:12.201] [INFO ] TOTP verification successful for user: adm
[2025-12-03 13:07:12.201] [INFO ] Full authentication successful for user: adm
[2025-12-03 13:07:12.202] [INFO ] Scheduling MainWindow creation for user: adm with role: worker
[2025-12-03 13:07:12.202] [INFO ] Creating MainWindow instance
[2025-12-03 13:07:12.536] [INFO ] MainWindow constructor started
[2025-12-03 13:07:12.537] [INFO ] ExcelExporter initialized, script path: D:/2eme esprit/projet/Version_FINAL V5/Version_FINAL V3 (2)/Version_FINAL V3/Verion_FINALE/Verion_FINALE/python_scripts/financial_export.py
[2025-12-03 13:07:12.643] [INFO ] Setting role for user adm: worker (converted to: worker)
[2025-12-03 13:07:12.643] [INFO ] Role restrictions applied - Client:0 Commande:0 Stock:0 Transaction:0 Employee:0
[2025-12-03 13:07:12.644] [WARN ] Unknown role: worker, defaulting to Client tab
[2025-12-03 13:07:12.662] [INFO ] MainWindow created and shown successfully
[2025-12-03 13:11:33.544] [INFO ] === VoltShop Application Exited with code 0 ===
[2025-12-03 13:11:33.547] [INFO ] Login dialog destroyed
[2025-12-03 13:11:33.578] [INFO ] === Logger shutting down ===
[2025-12-03 13:12:04.956] [INFO ] === Logger initialized ===
[2025-12-03 13:12:04.963] [INFO ] Signal handlers installed
[2025-12-03 13:12:04.969] [INFO ] === VoltShop Application Started ===
[2025-12-03 13:12:05.195] [INFO ] Database connection established successfully
[2025-12-03 13:12:05.238] [INFO ] Login dialog created
[2025-12-03 13:12:13.590] [INFO ] Login attempt for user: admin
[2025-12-03 13:12:13.601] [INFO ] Retrieved role from database: 'worker' for user: admin
[2025-12-03 13:12:13.608] [DEBUG] Using plain text password verification for user: admin
[2025-12-03 13:12:13.614] [WARN ] Password mismatch for user: admin
[2025-12-03 13:12:15.342] [WARN ] Failed login for user: admin
[2025-12-03 13:13:02.854] [INFO ] === Logger initialized ===
[2025-12-03 13:13:02.855] [INFO ] Signal handlers installed
[2025-12-03 13:13:02.856] [INFO ] === VoltShop Application Started ===
[2025-12-03 13:13:02.995] [INFO ] Database connection established successfully
[2025-12-03 13:13:03.030] [INFO ] Login dialog created
[2025-12-03 13:49:26.898] [INFO ] Login attempt for user: admin
[2025-12-03 13:49:26.903] [INFO ] Retrieved role from database: 'admin' for user: admin
[2025-12-03 13:49:26.904] [DEBUG] Using plain text password verification for user: admin
[2025-12-03 13:49:26.904] [DEBUG] User authenticated - Role: admin, TOTP: not set
[2025-12-03 13:49:26.904] [INFO ] User admin authenticated successfully, role: admin
[2025-12-03 13:49:26.904] [INFO ] User admin does not have 2FA enabled
[2025-12-03 13:49:28.646] [INFO ] User admin declined 2FA enrollment, proceeding without 2FA
[2025-12-03 13:49:28.647] [INFO ] Full authentication successful for user: admin
[2025-12-03 13:49:28.648] [INFO ] Scheduling MainWindow creation for user: admin with role: admin
[2025-12-03 13:49:28.648] [INFO ] Creating MainWindow instance
[2025-12-03 13:49:29.007] [INFO ] MainWindow constructor started
[2025-12-03 13:49:29.008] [INFO ] ExcelExporter initialized, script path: D:/2eme esprit/projet/Version_FINAL V5/Version_FINAL V3 (2)/Version_FINAL V3/Verion_FINALE/Verion_FINALE/python_scripts/financial_export.py
[2025-12-03 13:49:29.136] [INFO ] Setting role for user admin: admin (converted to: admin)
[2025-12-03 13:49:29.137] [INFO ] Role restrictions applied - Client:1 Commande:1 Stock:1 Transaction:1 Employee:1
[2025-12-03 13:49:29.138] [INFO ] Opened Employee tab for role: admin
[2025-12-03 13:49:29.246] [INFO ] MainWindow created and shown successfully
[2025-12-03 13:50:38.495] [INFO ] === VoltShop Application Exited with code 0 ===
[2025-12-03 13:50:38.497] [INFO ] Login dialog destroyed
[2025-12-03 13:50:38.559] [INFO ] === Logger shutting down ===
[2025-12-03 13:55:33.578] [INFO ] === Logger initialized ===
[2025-12-03 13:55:33.579] [INFO ] Signal handlers installed
[2025-12-03 13:55:33.579] [INFO ] === VoltShop Application Started ===
[2025-12-03 13:55:33.687] [INFO ] Database connection established successfully
[2025-12-03 13:55:33.715] [INFO ] Login dialog created
[2025-12-03 13:55:40.949] [INFO ] Login attempt for user: admin
[2025-12-03 13:55:40.951] [INFO ] Retrieved role from database: 'admin' for user: admin
[2025-12-03 13:55:40.951] [DEBUG] Using plain text password verification for user: admin
[2025-12-03 13:55:40.951] [DEBUG] User authenticated - Role: admin, TOTP: not set
[2025-12-03 13:55:40.952] [INFO ] User admin authenticated successfully, role: admin
[2025-12-03 13:55:40.952] [INFO ] User admin does not have 2FA enabled
[2025-12-03 13:55:43.344] [INFO ] User admin declined 2FA enrollment, proceeding without 2FA
[2025-12-03 13:55:43.344] [INFO ] Full authentication successful for user: admin
[2025-12-03 13:55:43.345] [INFO ] Scheduling MainWindow creation for user: admin with role: admin
[2025-12-03 13:55:43.345] [INFO ] Creating MainWindow instance
[2025-12-03 13:55:43.674] [INFO ] MainWindow constructor started
[2025-12-03 13:55:43.674] [INFO ] ExcelExporter initialized, script path: D:/2eme esprit/projet/Version_FINAL V5/Version_FINAL V3 (2)/Version_FINAL V3/Verion_FINALE/Verion_FINALE/python_scripts/financial_export.py
[2025-12-03 13:55:43.771] [INFO ] Setting role for user admin: admin (converted to: admin)
[2025-12-03 13:55:43.771] [INFO ] Role restrictions applied - Client:1 Commande:1 Stock:1 Transaction:1 Employee:1
[2025-12-03 13:55:43.772] [INFO ] Opened Employee tab for role: admin
[2025-12-03 13:55:43.882] [INFO ] MainWindow created and shown successfully
[2025-12-03 13:55:55.603] [INFO ] === VoltShop Application Exited with code 0 ===
[2025-12-03 13:55:55.603] [INFO ] Login dialog destroyed
[2025-12-03 13:55:55.697] [INFO ] === Logger shutting down ===
[2025-12-03 16:15:25.861] [INFO ] === Logger initialized ===
[2025-12-03 16:15:25.869] [INFO ] Signal handlers installed
[2025-12-03 16:15:25.878] [INFO ] === VoltShop Application Started ===
[2025-12-03 16:15:26.109] [INFO ] Database connection established successfully
[2025-12-03 16:15:26.164] [INFO ] Login dialog created
[2025-12-03 16:15:41.468] [INFO ] Login attempt for user: admin
[2025-12-03 16:15:41.479] [INFO ] Retrieved role from database: 'admin' for user: admin
[2025-12-03 16:15:41.485] [DEBUG] Using plain text password verification for user: admin
[2025-12-03 16:15:41.491] [DEBUG] User authenticated - Role: admin, TOTP: not set
[2025-12-03 16:15:41.498] [INFO ] User admin authenticated successfully, role: admin
[2025-12-03 16:15:41.504] [INFO ] User admin does not have 2FA enabled
[2025-12-03 16:15:45.427] [INFO ] User admin declined 2FA enrollment, proceeding without 2FA
[2025-12-03 16:15:45.435] [INFO ] Full authentication successful for user: admin
[2025-12-03 16:15:45.442] [INFO ] Scheduling MainWindow creation for user: admin with role: admin
[2025-12-03 16:15:45.449] [INFO ] Creating MainWindow instance
[2025-12-03 16:15:47.577] [INFO ] MainWindow constructor started
[2025-12-03 16:15:47.585] [INFO ] ExcelExporter initialized, script path: D:/2eme esprit/projet/Version_FINAL V5/Version_FINAL V3 (2)/Version_FINAL V3/Verion_FINALE/Verion_FINALE/python_scripts/financial_export.py
[2025-12-03 16:15:48.194] [INFO ] Setting role for user admin: admin (converted to: admin)
[2025-12-03 16:15:48.201] [INFO ] Role restrictions applied - Client:1 Commande:1 Stock:1 Transaction:1 Employee:1
[2025-12-03 16:15:48.210] [INFO ] Opened Employee tab for role: admin
[2025-12-03 16:15:48.494] [INFO ] MainWindow created and shown successfully
[2025-12-03 16:16:36.996] [INFO ] === Logger initialized ===
[2025-12-03 16:16:37.004] [INFO ] Signal handlers installed
[2025-12-03 16:16:37.013] [INFO ] === VoltShop Application Started ===
[2025-12-03 16:16:37.251] [INFO ] Database connection established successfully
[2025-12-03 16:16:37.293] [INFO ] Login dialog created
[2025-12-03 16:16:45.972] [INFO ] Login attempt for user: admin
[2025-12-03 16:16:45.983] [INFO ] Retrieved role from database: 'admin' for user: admin
[2025-12-03 16:16:45.989] [DEBUG] Using plain text password verification for user: admin
[2025-12-03 16:16:45.995] [DEBUG] User authenticated - Role: admin, TOTP: not set
[2025-12-03 16:16:46.001] [INFO ] User admin authenticated successfully, role: admin
[2025-12-03 16:16:46.007] [INFO ] User admin does not have 2FA enabled
[2025-12-03 16:16:48.059] [INFO ] User admin declined 2FA enrollment, proceeding without 2FA
[2025-12-03 16:16:48.066] [INFO ] Full authentication successful for user: admin
[2025-12-03 16:16:48.073] [INFO ] Scheduling MainWindow creation for user: admin with role: admin
[2025-12-03 16:16:48.079] [INFO ] Creating MainWindow instance
[2025-12-03 16:16:49.912] [INFO ] MainWindow constructor started
[2025-12-03 16:16:49.918] [INFO ] ExcelExporter initialized, script path: D:/2eme esprit/projet/Version_FINAL V5/Version_FINAL V3 (2)/Version_FINAL V3/Verion_FINALE/Verion_FINALE/python_scripts/financial_export.py
[2025-12-03 16:16:50.439] [INFO ] Setting role for user admin: admin (converted to: admin)
[2025-12-03 16:16:50.446] [INFO ] Role restrictions applied - Client:1 Commande:1 Stock:1 Transaction:1 Employee:1
[2025-12-03 16:16:50.453] [INFO ] Opened Employee tab for role: admin
[2025-12-03 16:16:50.677] [INFO ] MainWindow created and shown successfully
[2025-12-03 16:20:05.371] [INFO ] === Logger initialized ===
[2025-12-03 16:20:05.380] [INFO ] Signal handlers installed
[2025-12-03 16:20:05.389] [INFO ] === VoltShop Application Started ===
[2025-12-03 16:20:05.638] [INFO ] Database connection established successfully
[2025-12-03 16:20:05.679] [INFO ] Login dialog created
[2025-12-03 16:20:14.544] [INFO ] Login attempt for user: admin
[2025-12-03 16:20:14.556] [INFO ] Retrieved role from database: 'admin' for user: admin
[2025-12-03 16:20:14.563] [DEBUG] Using plain text password verification for user: admin
[2025-12-03 16:20:14.570] [DEBUG] User authenticated - Role: admin, TOTP: not set
[2025-12-03 16:20:14.576] [INFO ] User admin authenticated successfully, role: admin
[2025-12-03 16:20:14.582] [INFO ] User admin does not have 2FA enabled
[2025-12-03 16:20:16.381] [INFO ] User admin declined 2FA enrollment, proceeding without 2FA
[2025-12-03 16:20:16.390] [INFO ] Full authentication successful for user: admin
[2025-12-03 16:20:16.396] [INFO ] Scheduling MainWindow creation for user: admin with role: admin
[2025-12-03 16:20:16.403] [INFO ] Creating MainWindow instance
[2025-12-03 16:20:18.354] [INFO ] MainWindow constructor started
[2025-12-03 16:20:18.360] [INFO ] ExcelExporter initialized, script path: D:/2eme esprit/projet/Version_FINAL V5/Version_FINAL V3 (2)/Version_FINAL V3/Verion_FINALE/Verion_FINALE/python_scripts/financial_export.py
[2025-12-03 16:20:18.910] [INFO ] Setting role for user admin: admin (converted to: admin)
[2025-12-03 16:20:18.935] [INFO ] Role restrictions applied - Client:1 Commande:1 Stock:1 Transaction:1 Employee:1
[2025-12-03 16:20:18.942] [INFO ] Opened Employee tab for role: admin
[2025-12-03 16:20:19.185] [INFO ] MainWindow created and shown successfully
[2025-12-03 16:20:59.891] [INFO ] === Logger initialized ===
[2025-12-03 16:20:59.893] [INFO ] Signal handlers installed
[2025-12-03 16:20:59.893] [INFO ] === VoltShop Application Started ===
[2025-12-03 16:21:00.026] [INFO ] Database connection established successfully
[2025-12-03 16:21:00.055] [INFO ] Login dialog created
[2025-12-03 16:21:07.440] [INFO ] Login attempt for user: admin
[2025-12-03 16:21:07.442] [INFO ] Retrieved role from database: 'admin' for user: admin
[2025-12-03 16:21:07.442] [DEBUG] Using plain text password verification for user: admin
[2025-12-03 16:21:07.442] [DEBUG] User authenticated - Role: admin, TOTP: not set
[2025-12-03 16:21:07.442] [INFO ] User admin authenticated successfully, role: admin
[2025-12-03 16:21:07.442] [INFO ] User admin does not have 2FA enabled
[2025-12-03 16:21:09.207] [INFO ] User admin declined 2FA enrollment, proceeding without 2FA
[2025-12-03 16:21:09.208] [INFO ] Full authentication successful for user: admin
[2025-12-03 16:21:09.208] [INFO ] Scheduling MainWindow creation for user: admin with role: admin
[2025-12-03 16:21:09.208] [INFO ] Creating MainWindow instance
[2025-12-03 16:21:09.569] [INFO ] MainWindow constructor started
[2025-12-03 16:21:09.569] [INFO ] ExcelExporter initialized, script path: D:/2eme esprit/projet/Version_FINAL V5/Version_FINAL V3 (2)/Version_FINAL V3/Verion_FINALE/Verion_FINALE/python_scripts/financial_export.py
[2025-12-03 16:21:09.707] [INFO ] Setting role for user admin: admin (converted to: admin)
[2025-12-03 16:21:09.708] [INFO ] Role restrictions applied - Client:1 Commande:1 Stock:1 Transaction:1 Employee:1
[2025-12-03 16:21:09.709] [INFO ] Opened Employee tab for role: admin
[2025-12-03 16:21:09.827] [INFO ] MainWindow created and shown successfully
[2025-12-03 17:40:23.371] [INFO ] === VoltShop Application Exited with code 0 ===
[2025-12-03 17:40:23.372] [INFO ] Login dialog destroyed
[2025-12-03 17:40:23.405] [INFO ] === Logger shutting down ===
[2025-12-03 17:44:02.509] [INFO ] === Logger initialized ===
[2025-12-03 17:44:02.511] [INFO ] Signal handlers installed
[2025-12-03 17:44:02.511] [INFO ] === VoltShop Application Started ===
[2025-12-03 17:44:02.918] [INFO ] Database connection established successfully
[2025-12-03 17:44:03.060] [INFO ] Login dialog created
[2025-12-03 17:44:17.496] [INFO ] Login attempt for user: admin
[2025-12-03 17:44:17.501] [INFO ] Retrieved role from database: 'admin' for user: admin
[2025-12-03 17:44:17.501] [DEBUG] Using plain text password verification for user: admin
[2025-12-03 17:44:17.501] [DEBUG] User authenticated - Role: admin, TOTP: not set
[2025-12-03 17:44:17.501] [INFO ] User admin authenticated successfully, role: admin
[2025-12-03 17:44:17.501] [INFO ] User admin does not have 2FA enabled
[2025-12-03 17:44:19.493] [INFO ] User admin declined 2FA enrollment, proceeding without 2FA
[2025-12-03 17:44:19.493] [INFO ] Full authentication successful for user: admin
[2025-12-03 17:44:19.494] [INFO ] Scheduling MainWindow creation for user: admin with role: admin
[2025-12-03 17:44:19.494] [INFO ] Creating MainWindow instance
[2025-12-03 17:44:19.865] [INFO ] MainWindow constructor started
[2025-12-03 17:44:19.865] [INFO ] ExcelExporter initialized, script path: D:/2eme esprit/projet/Version_FINAL V5/Version_FINAL V3 (2)/Version_FINAL V3/Verion_FINALE/Verion_FINALE/python_scripts/financial_export.py
[2025-12-03 17:44:20.031] [INFO ] Setting role for user admin: admin (converted to: admin)
[2025-12-03 17:44:20.031] [INFO ] Role restrictions applied - Client:1 Commande:1 Stock:1 Transaction:1 Employee:1
[2025-12-03 17:44:20.033] [INFO ] Opened Employee tab for role: admin
[2025-12-03 17:44:20.198] [INFO ] MainWindow created and shown successfully
[2025-12-03 18:00:29.402] [INFO ] === VoltShop Application Exited with code 0 ===
[2025-12-03 18:00:29.402] [INFO ] Login dialog destroyed
[2025-12-03 18:00:29.426] [INFO ] === Logger shutting down ===
[2025-12-03 18:07:32.467] [INFO ] === Logger initialized ===
[2025-12-03 18:07:32.475] [INFO ] Signal handlers installed
[2025-12-03 18:07:32.481] [INFO ] === VoltShop Application Started ===
[2025-12-03 18:07:32.701] [INFO ] Database connection established successfully
[2025-12-03 18:07:32.742] [INFO ] Login dialog created
[2025-12-03 18:07:41.644] [INFO ] Login attempt for user: admin
[2025-12-03 18:07:41.656] [INFO ] Retrieved role from database: 'admin' for user: admin
[2025-12-03 18:07:41.662] [DEBUG] Using plain text password verification for user: admin
[2025-12-03 18:07:41.668] [DEBUG] User authenticated - Role: admin, TOTP: not set
[2025-12-03 18:07:41.674] [INFO ] User admin authenticated successfully, role: admin
[2025-12-03 18:07:41.679] [INFO ] User admin does not have 2FA enabled
[2025-12-03 18:07:43.733] [INFO ] User admin declined 2FA enrollment, proceeding without 2FA
[2025-12-03 18:07:43.740] [INFO ] Full authentication successful for user: admin
[2025-12-03 18:07:43.746] [INFO ] Scheduling MainWindow creation for user: admin with role: admin
[2025-12-03 18:07:43.753] [INFO ] Creating MainWindow instance
[2025-12-03 18:07:45.575] [INFO ] MainWindow constructor started
[2025-12-03 18:07:45.581] [INFO ] ExcelExporter initialized, script path: D:/2eme esprit/projet/Version_FINAL V5/Version_FINAL V3 (2)/Version_FINAL V3/Verion_FINALE/Verion_FINALE/python_scripts/financial_export.py
[2025-12-03 18:07:46.091] [INFO ] Setting role for user admin: admin (converted to: admin)
[2025-12-03 18:07:46.098] [INFO ] Role restrictions applied - Client:1 Commande:1 Stock:1 Transaction:1 Employee:1
[2025-12-03 18:07:46.106] [INFO ] Opened Employee tab for role: admin
[2025-12-03 18:07:46.338] [INFO ] MainWindow created and shown successfully
[2025-12-03 18:17:01.695] [INFO ] === Logger initialized ===
[2025-12-03 18:17:01.697] [INFO ] Signal handlers installed
[2025-12-03 18:17:01.697] [INFO ] === VoltShop Application Started ===
[2025-12-03 18:17:01.818] [INFO ] Database connection established successfully
[2025-12-03 18:17:01.848] [INFO ] Login dialog created
[2025-12-03 18:17:09.147] [INFO ] Login attempt for user: admin
[2025-12-03 18:17:09.150] [INFO ] Retrieved role from database: 'admin' for user: admin
[2025-12-03 18:17:09.150] [DEBUG] Using plain text password verification for user: admin
[2025-12-03 18:17:09.151] [DEBUG] User authenticated - Role: admin, TOTP: not set
[2025-12-03 18:17:09.151] [INFO ] User admin authenticated successfully, role: admin
[2025-12-03 18:17:09.151] [INFO ] User admin does not have 2FA enabled
[2025-12-03 18:17:10.712] [INFO ] User admin declined 2FA enrollment, proceeding without 2FA
[2025-12-03 18:17:10.713] [INFO ] Full authentication successful for user: admin
[2025-12-03 18:17:10.713] [INFO ] Scheduling MainWindow creation for user: admin with role: admin
[2025-12-03 18:17:10.713] [INFO ] Creating MainWindow instance
[2025-12-03 18:17:11.078] [INFO ] MainWindow constructor started
[2025-12-03 18:17:11.079] [INFO ] ExcelExporter initialized, script path: D:/2eme esprit/projet/Version_FINAL V5/Version_FINAL V3 (2)/Version_FINAL V3/Verion_FINALE/Verion_FINALE/python_scripts/financial_export.py
[2025-12-03 18:17:11.209] [INFO ] Setting role for user admin: admin (converted to: admin)
[2025-12-03 18:17:11.209] [INFO ] Role restrictions applied - Client:1 Commande:1 Stock:1 Transaction:1 Employee:1
[2025-12-03 18:17:11.211] [INFO ] Opened Employee tab for role: admin
[2025-12-03 18:17:11.329] [INFO ] MainWindow created and shown successfully
[2025-12-03 18:30:14.988] [INFO ] === VoltShop Application Exited with code 0 ===
[2025-12-03 18:30:14.992] [INFO ] Login dialog destroyed
[2025-12-03 18:30:15.031] [INFO ] === Logger shutting down ===
[2025-12-03 18:32:25.605] [INFO ] === Logger initialized ===
[2025-12-03 18:32:25.607] [INFO ] Signal handlers installed
[2025-12-03 18:32:25.607] [INFO ] === VoltShop Application Started ===
[2025-12-03 18:32:25.737] [INFO ] Database connection established successfully
[2025-12-03 18:32:25.770] [INFO ] Login dialog created
[2025-12-03 18:32:32.829] [INFO ] Login attempt for user: admin
[2025-12-03 18:32:32.832] [INFO ] Retrieved role from database: 'admin' for user: admin
[2025-12-03 18:32:32.832] [DEBUG] Using plain text password verification for user: admin
[2025-12-03 18:32:32.832] [DEBUG] User authenticated - Role: admin, TOTP: not set
[2025-12-03 18:32:32.832] [INFO ] User admin authenticated successfully, role: admin
[2025-12-03 18:32:32.833] [INFO ] User admin does not have 2FA enabled
[2025-12-03 18:32:34.709] [INFO ] User admin declined 2FA enrollment, proceeding without 2FA
[2025-12-03 18:32:34.711] [INFO ] Full authentication successful for user: admin
[2025-12-03 18:32:34.711] [INFO ] Scheduling MainWindow creation for user: admin with role: admin
[2025-12-03 18:32:34.713] [INFO ] Creating MainWindow instance
[2025-12-03 18:32:35.087] [INFO ] MainWindow constructor started
[2025-12-03 18:32:35.087] [INFO ] ExcelExporter initialized, script path: D:/2eme esprit/projet/Version_FINAL V5/Version_FINAL V3 (2)/Version_FINAL V3/Verion_FINALE/Verion_FINALE/python_scripts/financial_export.py
[2025-12-03 18:32:35.226] [INFO ] Setting role for user admin: admin (converted to: admin)
[2025-12-03 18:32:35.226] [INFO ] Role restrictions applied - Client:1 Commande:1 Stock:1 Transaction:1 Employee:1
[2025-12-03 18:32:35.228] [INFO ] Opened Employee tab for role: admin
[2025-12-03 18:32:35.348] [INFO ] MainWindow created and shown successfully
[2025-12-03 18:38:47.722] [INFO ] === VoltShop Application Exited with code 0 ===
[2025-12-03 18:38:47.723] [INFO ] Login dialog destroyed
[2025-12-03 18:38:47.852] [INFO ] === Logger shutting down ===
[2025-12-03 20:59:38.063] [INFO ] === Logger initialized ===
[2025-12-03 20:59:38.073] [INFO ] Signal handlers installed
[2025-12-03 20:59:38.079] [INFO ] === VoltShop Application Started ===
[2025-12-03 20:59:38.311] [INFO ] Database connection established successfully
[2025-12-03 20:59:38.351] [INFO ] Login dialog created
[2025-12-03 20:59:49.240] [INFO ] Login attempt for user: admin
[2025-12-03 20:59:49.250] [INFO ] Retrieved role from database: 'admin' for user: admin
[2025-12-03 20:59:49.257] [DEBUG] Using plain text password verification for user: admin
[2025-12-03 20:59:49.263] [DEBUG] User authenticated - Role: admin, TOTP: not set
[2025-12-03 20:59:49.269] [INFO ] User admin authenticated successfully, role: admin
[2025-12-03 20:59:49.276] [INFO ] User admin does not have 2FA enabled
[2025-12-03 20:59:50.939] [INFO ] User admin declined 2FA enrollment, proceeding without 2FA
[2025-12-03 20:59:50.947] [INFO ] Full authentication successful for user: admin
[2025-12-03 20:59:50.953] [INFO ] Scheduling MainWindow creation for user: admin with role: admin
[2025-12-03 20:59:50.960] [INFO ] Creating MainWindow instance
[2025-12-03 20:59:53.444] [INFO ] MainWindow constructor started
[2025-12-03 20:59:53.452] [INFO ] ExcelExporter initialized, script path: D:/2eme esprit/projet/Version_FINAL V5/Version_FINAL V3 (2)/Version_FINAL V3/Verion_FINALE/Verion_FINALE/python_scripts/financial_export.py
[2025-12-03 20:59:53.797] [INFO ] Setting role for user admin: admin (converted to: admin)
[2025-12-03 20:59:53.804] [INFO ] Role restrictions applied - Client:1 Commande:1 Stock:1 Transaction:1 Employee:1
[2025-12-03 20:59:53.812] [INFO ] Opened Employee tab for role: admin
[2025-12-03 20:59:54.036] [INFO ] MainWindow created and shown successfully
[2025-12-03 21:00:20.968] [INFO ] === Logger initialized ===
[2025-12-03 21:00:20.969] [INFO ] Signal handlers installed
[2025-12-03 21:00:20.969] [INFO ] === VoltShop Application Started ===
[2025-12-03 21:00:21.081] [INFO ] Database connection established successfully
[2025-12-03 21:00:21.109] [INFO ] Login dialog created
[2025-12-03 21:00:28.038] [INFO ] Login attempt for user: admin
[2025-12-03 21:00:28.040] [INFO ] Retrieved role from database: 'admin' for user: admin
[2025-12-03 21:00:28.040] [DEBUG] Using plain text password verification for user: admin
[2025-12-03 21:00:28.041] [DEBUG] User authenticated - Role: admin, TOTP: not set
[2025-12-03 21:00:28.041] [INFO ] User admin authenticated successfully, role: admin
[2025-12-03 21:00:28.041] [INFO ] User admin does not have 2FA enabled
[2025-12-03 21:00:33.769] [INFO ] User admin declined 2FA enrollment, proceeding without 2FA
[2025-12-03 21:00:33.769] [INFO ] Full authentication successful for user: admin
[2025-12-03 21:00:33.769] [INFO ] Scheduling MainWindow creation for user: admin with role: admin
[2025-12-03 21:00:33.770] [INFO ] Creating MainWindow instance
[2025-12-03 21:00:34.140] [INFO ] MainWindow constructor started
[2025-12-03 21:00:34.140] [INFO ] ExcelExporter initialized, script path: D:/2eme esprit/projet/Version_FINAL V5/Version_FINAL V3 (2)/Version_FINAL V3/Verion_FINALE/Verion_FINALE/python_scripts/financial_export.py
[2025-12-03 21:00:34.273] [INFO ] Setting role for user admin: admin (converted to: admin)
[2025-12-03 21:00:34.274] [INFO ] Role restrictions applied - Client:1 Commande:1 Stock:1 Transaction:1 Employee:1
[2025-12-03 21:00:34.276] [INFO ] Opened Employee tab for role: admin
[2025-12-03 21:00:34.384] [INFO ] MainWindow created and shown successfully
[2025-12-03 21:39:18.083] [INFO ] === VoltShop Application Exited with code 0 ===
[2025-12-03 21:39:18.084] [INFO ] Login dialog destroyed
[2025-12-03 21:39:18.134] [INFO ] === Logger shutting down ===
[2025-12-03 21:39:48.118] [INFO ] === Logger initialized ===
[2025-12-03 21:39:48.126] [INFO ] Signal handlers installed
[2025-12-03 21:39:48.132] [INFO ] === VoltShop Application Started ===
[2025-12-03 21:39:48.650] [INFO ] Database connection established successfully
[2025-12-03 21:39:48.808] [INFO ] Login dialog created
[2025-12-03 21:39:57.342] [INFO ] Login attempt for user: admin
[2025-12-03 21:39:57.354] [INFO ] Retrieved role from database: 'admin' for user: admin
[2025-12-03 21:39:57.360] [DEBUG] Using plain text password verification for user: admin
[2025-12-03 21:39:57.366] [DEBUG] User authenticated - Role: admin, TOTP: not set
[2025-12-03 21:39:57.372] [INFO ] User admin authenticated successfully, role: admin
[2025-12-03 21:39:57.378] [INFO ] User admin does not have 2FA enabled
[2025-12-03 21:40:09.667] [INFO ] User admin declined 2FA enrollment, proceeding without 2FA
[2025-12-03 21:40:09.675] [INFO ] Full authentication successful for user: admin
[2025-12-03 21:40:09.682] [INFO ] Scheduling MainWindow creation for user: admin with role: admin
[2025-12-03 21:40:09.689] [INFO ] Creating MainWindow instance
[2025-12-03 21:40:12.097] [INFO ] MainWindow constructor started
[2025-12-03 21:40:12.103] [INFO ] ExcelExporter initialized, script path: D:/2eme esprit/projet/Version_FINAL V5/Version_FINAL V3 (2)/Version_FINAL V3/Verion_FINALE/Verion_FINALE/python_scripts/financial_export.py
[2025-12-03 21:40:12.539] [INFO ] Setting role for user admin: admin (converted to: admin)
[2025-12-03 21:40:12.545] [INFO ] Role restrictions applied - Client:1 Commande:1 Stock:1 Transaction:1 Employee:1
[2025-12-03 21:40:12.552] [INFO ] Opened Employee tab for role: admin
[2025-12-03 21:40:12.812] [INFO ] MainWindow created and shown successfully
[2025-12-03 21:40:44.776] [INFO ] === Logger initialized ===
[2025-12-03 21:40:44.778] [INFO ] Signal handlers installed
[2025-12-03 21:40:44.778] [INFO ] === VoltShop Application Started ===
[2025-12-03 21:40:44.892] [INFO ] Database connection established successfully
[2025-12-03 21:40:44.920] [INFO ] Login dialog created
[2025-12-03 21:40:53.687] [INFO ] Login attempt for user: admin
[2025-12-03 21:40:53.690] [INFO ] Retrieved role from database: 'admin' for user: admin
[2025-12-03 21:40:53.690] [DEBUG] Using plain text password verification for user: admin
[2025-12-03 21:40:53.690] [DEBUG] User authenticated - Role: admin, TOTP: not set
[2025-12-03 21:40:53.690] [INFO ] User admin authenticated successfully, role: admin
[2025-12-03 21:40:53.691] [INFO ] User admin does not have 2FA enabled
[2025-12-03 21:40:55.357] [INFO ] User admin declined 2FA enrollment, proceeding without 2FA
[2025-12-03 21:40:55.358] [INFO ] Full authentication successful for user: admin
[2025-12-03 21:40:55.358] [INFO ] Scheduling MainWindow creation for user: admin with role: admin
[2025-12-03 21:40:55.358] [INFO ] Creating MainWindow instance
[2025-12-03 21:40:55.728] [INFO ] MainWindow constructor started
[2025-12-03 21:40:55.728] [INFO ] ExcelExporter initialized, script path: D:/2eme esprit/projet/Version_FINAL V5/Version_FINAL V3 (2)/Version_FINAL V3/Verion_FINALE/Verion_FINALE/python_scripts/financial_export.py
[2025-12-03 21:40:55.860] [INFO ] Setting role for user admin: admin (converted to: admin)
[2025-12-03 21:40:55.880] [INFO ] Role restrictions applied - Client:1 Commande:1 Stock:1 Transaction:1 Employee:1
[2025-12-03 21:40:55.882] [INFO ] Opened Employee tab for role: admin
[2025-12-03 21:40:55.993] [INFO ] MainWindow created and shown successfully
[2025-12-03 21:51:27.568] [INFO ] === VoltShop Application Exited with code 0 ===
[2025-12-03 21:51:27.568] [INFO ] Login dialog destroyed
[2025-12-03 21:51:27.601] [INFO ] === Logger shutting down ===
[2025-12-03 21:51:55.769] [INFO ] === Logger initialized ===
[2025-12-03 21:51:55.777] [INFO ] Signal handlers installed
[2025-12-03 21:51:55.783] [INFO ] === VoltShop Application Started ===
[2025-12-03 21:51:56.021] [INFO ] Database connection established successfully
[2025-12-03 21:51:56.065] [INFO ] Login dialog created
[2025-12-03 21:53:39.695] [INFO ] === Logger initialized ===
[2025-12-03 21:53:39.704] [INFO ] Signal handlers installed
[2025-12-03 21:53:39.711] [INFO ] === VoltShop Application Started ===
[2025-12-03 21:53:39.956] [INFO ] Database connection established successfully
[2025-12-03 21:53:40.003] [INFO ] Login dialog created
[2025-12-03 21:53:49.304] [INFO ] Login attempt for user: admin
[2025-12-03 21:53:49.316] [INFO ] Retrieved role from database: 'admin' for user: admin
[2025-12-03 21:53:49.322] [DEBUG] Using plain text password verification for user: admin
[2025-12-03 21:53:49.328] [DEBUG] User authenticated - Role: admin, TOTP: not set
[2025-12-03 21:53:49.334] [INFO ] User admin authenticated successfully, role: admin
[2025-12-03 21:53:49.340] [INFO ] User admin does not have 2FA enabled
[2025-12-03 21:53:51.955] [INFO ] User admin declined 2FA enrollment, proceeding without 2FA
[2025-12-03 21:53:51.962] [INFO ] Full authentication successful for user: admin
[2025-12-03 21:53:51.969] [INFO ] Scheduling MainWindow creation for user: admin with role: admin
[2025-12-03 21:53:51.976] [INFO ] Creating MainWindow instance
[2025-12-03 21:53:54.447] [INFO ] MainWindow constructor started
[2025-12-03 21:53:54.453] [INFO ] ExcelExporter initialized, script path: D:/2eme esprit/projet/Version_FINAL V5/Version_FINAL V3 (2)/Version_FINAL V3/Verion_FINALE/Verion_FINALE/python_scripts/financial_export.py
[2025-12-03 21:53:54.801] [INFO ] Setting role for user admin: admin (converted to: admin)
[2025-12-03 21:53:54.808] [INFO ] Role restrictions applied - Client:1 Commande:1 Stock:1 Transaction:1 Employee:1
[2025-12-03 21:53:54.816] [INFO ] Opened Employee tab for role: admin
[2025-12-03 21:53:55.035] [INFO ] MainWindow created and shown successfully
[2025-12-03 21:54:31.780] [INFO ] === Logger initialized ===
[2025-12-03 21:54:31.781] [INFO ] Signal handlers installed
[2025-12-03 21:54:31.782] [INFO ] === VoltShop Application Started ===
[2025-12-03 21:54:31.898] [INFO ] Database connection established successfully
[2025-12-03 21:54:31.928] [INFO ] Login dialog created
[2025-12-03 21:56:35.439] [INFO ] Login attempt for user: admin
[2025-12-03 21:56:35.441] [INFO ] Retrieved role from database: 'admin' for user: admin
[2025-12-03 21:56:35.442] [DEBUG] Using plain text password verification for user: admin
[2025-12-03 21:56:35.442] [DEBUG] User authenticated - Role: admin, TOTP: not set
[2025-12-03 21:56:35.442] [INFO ] User admin authenticated successfully, role: admin
[2025-12-03 21:56:35.442] [INFO ] User admin does not have 2FA enabled
[2025-12-03 21:56:38.180] [INFO ] User admin declined 2FA enrollment, proceeding without 2FA
[2025-12-03 21:56:38.181] [INFO ] Full authentication successful for user: admin
[2025-12-03 21:56:38.182] [INFO ] Scheduling MainWindow creation for user: admin with role: admin
[2025-12-03 21:56:38.182] [INFO ] Creating MainWindow instance
[2025-12-03 21:56:38.540] [INFO ] MainWindow constructor started
[2025-12-03 21:56:38.540] [INFO ] ExcelExporter initialized, script path: D:/2eme esprit/projet/Version_FINAL V5/Version_FINAL V3 (2)/Version_FINAL V3/Verion_FINALE/Verion_FINALE/python_scripts/financial_export.py
[2025-12-03 21:56:38.672] [INFO ] Setting role for user admin: admin (converted to: admin)
[2025-12-03 21:56:38.673] [INFO ] Role restrictions applied - Client:1 Commande:1 Stock:1 Transaction:1 Employee:1
[2025-12-03 21:56:38.674] [INFO ] Opened Employee tab for role: admin
[2025-12-03 21:56:38.787] [INFO ] MainWindow created and shown successfully
[2025-12-03 22:11:47.605] [INFO ] === VoltShop Application Exited with code 0 ===
[2025-12-03 22:11:47.607] [INFO ] Login dialog destroyed
[2025-12-03 22:11:47.708] [INFO ] === Logger shutting down ===
[2025-12-03 22:15:49.811] [INFO ] === Logger initialized ===
[2025-12-03 22:15:49.813] [INFO ] Signal handlers installed
[2025-12-03 22:15:49.813] [INFO ] === VoltShop Application Started ===
[2025-12-03 22:15:49.935] [INFO ] Database connection established successfully
[2025-12-03 22:15:49.966] [INFO ] Login dialog created
[2025-12-03 22:15:57.648] [INFO ] Login attempt for user: admin
[2025-12-03 22:15:57.652] [INFO ] Retrieved role from database: 'admin' for user: admin
[2025-12-03 22:15:57.652] [DEBUG] Using plain text password verification for user: admin
[2025-12-03 22:15:57.652] [DEBUG] User authenticated - Role: admin, TOTP: not set
[2025-12-03 22:15:57.652] [INFO ] User admin authenticated successfully, role: admin
[2025-12-03 22:15:57.652] [INFO ] User admin does not have 2FA enabled
[2025-12-03 22:16:00.780] [INFO ] User admin declined 2FA enrollment, proceeding without 2FA
[2025-12-03 22:16:00.781] [INFO ] Full authentication successful for user: admin
[2025-12-03 22:16:00.781] [INFO ] Scheduling MainWindow creation for user: admin with role: admin
[2025-12-03 22:16:00.781] [INFO ] Creating MainWindow instance
[2025-12-03 22:16:01.149] [INFO ] MainWindow constructor started
[2025-12-03 22:16:01.149] [INFO ] ExcelExporter initialized, script path: D:/2eme esprit/projet/Version_FINAL V5/Version_FINAL V3 (2)/Version_FINAL V3/Verion_FINALE/Verion_FINALE/python_scripts/financial_export.py
[2025-12-03 22:16:01.281] [INFO ] Setting role for user admin: admin (converted to: admin)
[2025-12-03 22:16:01.282] [INFO ] Role restrictions applied - Client:1 Commande:1 Stock:1 Transaction:1 Employee:1
[2025-12-03 22:16:01.283] [INFO ] Opened Employee tab for role: admin
[2025-12-03 22:16:01.402] [INFO ] MainWindow created and shown successfully
[2025-12-03 22:22:46.671] [INFO ] === VoltShop Application Exited with code 0 ===
[2025-12-03 22:22:46.671] [INFO ] Login dialog destroyed
[2025-12-03 22:22:46.750] [INFO ] === Logger shutting down ===
[2025-12-03 23:05:15.034] [INFO ] === Logger initialized ===
[2025-12-03 23:05:15.042] [INFO ] Signal handlers installed
[2025-12-03 23:05:15.049] [INFO ] === VoltShop Application Started ===
[2025-12-03 23:05:15.291] [INFO ] Database connection established successfully
[2025-12-03 23:05:15.335] [INFO ] Login dialog created
[2025-12-03 23:05:23.674] [INFO ] Login attempt for user: admin
[2025-12-03 23:05:23.687] [INFO ] Retrieved role from database: 'admin' for user: admin
[2025-12-03 23:05:23.693] [DEBUG] Using plain text password verification for user: admin
[2025-12-03 23:05:23.699] [DEBUG] User authenticated - Role: admin, TOTP: not set
[2025-12-03 23:05:23.705] [INFO ] User admin authenticated successfully, role: admin
[2025-12-03 23:05:23.711] [INFO ] User admin does not have 2FA enabled
[2025-12-03 23:05:25.140] [INFO ] User admin declined 2FA enrollment, proceeding without 2FA
[2025-12-03 23:05:25.148] [INFO ] Full authentication successful for user: admin
[2025-12-03 23:05:25.154] [INFO ] Scheduling MainWindow creation for user: admin with role: admin
[2025-12-03 23:05:25.160] [INFO ] Creating MainWindow instance
[2025-12-03 23:05:27.663] [INFO ] MainWindow constructor started
[2025-12-03 23:05:27.670] [INFO ] ExcelExporter initialized, script path: D:/2eme esprit/projet/Version_FINAL V5/Version_FINAL V3 (2)/Version_FINAL V3/Verion_FINALE/Verion_FINALE/python_scripts/financial_export.py
[2025-12-03 23:05:28.164] [INFO ] Setting role for user admin: admin (converted to: admin)
[2025-12-03 23:05:28.171] [INFO ] Role restrictions applied - Client:1 Commande:1 Stock:1 Transaction:1 Employee:1
[2025-12-03 23:05:28.179] [INFO ] Opened Employee tab for role: admin
[2025-12-03 23:05:28.425] [INFO ] MainWindow created and shown successfully
[2025-12-03 23:05:36.677] [INFO ] === VoltShop Application Exited with code 0 ===
[2025-12-03 23:05:36.686] [INFO ] Login dialog destroyed
[2025-12-03 23:05:36.720] [INFO ] === Logger shutting down ===
[2025-12-03 23:06:10.795] [INFO ] === Logger initialized ===
[2025-12-03 23:06:10.797] [INFO ] Signal handlers installed
[2025-12-03 23:06:10.797] [INFO ] === VoltShop Application Started ===
[2025-12-03 23:06:10.935] [INFO ] Database connection established successfully
[2025-12-03 23:06:10.967] [INFO ] Login dialog created
[2025-12-03 23:06:55.690] [INFO ] === VoltShop Application Exited with code 0 ===
[2025-12-03 23:06:55.691] [INFO ] Login dialog destroyed
[2025-12-03 23:06:55.732] [INFO ] === Logger shutting down ===
[2025-12-03 23:06:57.551] [INFO ] === Logger initialized ===
[2025-12-03 23:06:57.552] [INFO ] Signal handlers installed
[2025-12-03 23:06:57.553] [INFO ] === VoltShop Application Started ===
[2025-12-03 23:06:57.673] [INFO ] Database connection established successfully
[2025-12-03 23:06:57.703] [INFO ] Login dialog created
[2025-12-03 23:07:00.319] [INFO ] === VoltShop Application Exited with code 0 ===
[2025-12-03 23:07:00.321] [INFO ] Login dialog destroyed
[2025-12-03 23:07:00.408] [INFO ] === Logger shutting down ===
[2025-12-03 23:10:30.606] [INFO ] === Logger initialized ===
[2025-12-03 23:10:30.614] [INFO ] Signal handlers installed
[2025-12-03 23:10:30.620] [INFO ] === VoltShop Application Started ===
[2025-12-03 23:10:30.855] [INFO ] Database connection established successfully
[2025-12-03 23:10:30.897] [INFO ] Login dialog created
[2025-12-03 23:10:39.451] [INFO ] Login attempt for user: admin
[2025-12-03 23:10:39.463] [INFO ] Retrieved role from database: 'admin' for user: admin
[2025-12-03 23:10:39.468] [DEBUG] Using plain text password verification for user: admin
[2025-12-03 23:10:39.474] [DEBUG] User authenticated - Role: admin, TOTP: not set
[2025-12-03 23:10:39.480] [INFO ] User admin authenticated successfully, role: admin
[2025-12-03 23:10:39.486] [INFO ] User admin does not have 2FA enabled
[2025-12-03 23:10:41.371] [INFO ] User admin declined 2FA enrollment, proceeding without 2FA
[2025-12-03 23:10:41.379] [INFO ] Full authentication successful for user: admin
[2025-12-03 23:10:41.388] [INFO ] Scheduling MainWindow creation for user: admin with role: admin
[2025-12-03 23:10:41.397] [INFO ] Creating MainWindow instance
[2025-12-03 23:10:43.932] [INFO ] MainWindow constructor started
[2025-12-03 23:10:43.938] [INFO ] ExcelExporter initialized, script path: D:/2eme esprit/projet/Version_FINAL V5/Version_FINAL V3 (2)/Version_FINAL V3/Verion_FINALE/Verion_FINALE/python_scripts/financial_export.py
[2025-12-03 23:10:44.415] [INFO ] Setting role for user admin: admin (converted to: admin)
[2025-12-03 23:10:44.422] [INFO ] Role restrictions applied - Client:1 Commande:1 Stock:1 Transaction:1 Employee:1
[2025-12-03 23:10:44.430] [INFO ] Opened Employee tab for role: admin
[2025-12-03 23:10:44.657] [INFO ] MainWindow created and shown successfully
[2025-12-03 23:11:29.783] [INFO ] === Logger initialized ===
[2025-12-03 23:11:29.785] [INFO ] Signal handlers installed
[2025-12-03 23:11:29.785] [INFO ] === VoltShop Application Started ===
[2025-12-03 23:11:29.896] [INFO ] Database connection established successfully
[2025-12-03 23:11:29.925] [INFO ] Login dialog created
[2025-12-03 23:11:37.019] [INFO ] Login attempt for user: admin
[2025-12-03 23:11:37.021] [INFO ] Retrieved role from database: 'admin' for user: admin
[2025-12-03 23:11:37.022] [DEBUG] Using plain text password verification for user: admin
[2025-12-03 23:11:37.022] [DEBUG] User authenticated - Role: admin, TOTP: not set
[2025-12-03 23:11:37.023] [INFO ] User admin authenticated successfully, role: admin
[2025-12-03 23:11:37.023] [INFO ] User admin does not have 2FA enabled
[2025-12-03 23:11:38.909] [INFO ] User admin declined 2FA enrollment, proceeding without 2FA
[2025-12-03 23:11:38.910] [INFO ] Full authentication successful for user: admin
[2025-12-03 23:11:38.911] [INFO ] Scheduling MainWindow creation for user: admin with role: admin
[2025-12-03 23:11:38.912] [INFO ] Creating MainWindow instance
[2025-12-03 23:11:39.316] [INFO ] MainWindow constructor started
[2025-12-03 23:11:39.317] [INFO ] ExcelExporter initialized, script path: D:/2eme esprit/projet/Version_FINAL V5/Version_FINAL V3 (2)/Version_FINAL V3/Verion_FINALE/Verion_FINALE/python_scripts/financial_export.py
[2025-12-03 23:11:39.470] [INFO ] Setting role for user admin: admin (converted to: admin)
[2025-12-03 23:11:39.470] [INFO ] Role restrictions applied - Client:1 Commande:1 Stock:1 Transaction:1 Employee:1
[2025-12-03 23:11:39.472] [INFO ] Opened Employee tab for role: admin
[2025-12-03 23:11:39.601] [INFO ] MainWindow created and shown successfully
[2025-12-03 23:14:06.672] [INFO ] === VoltShop Application Exited with code 0 ===
[2025-12-03 23:14:06.672] [INFO ] Login dialog destroyed
[2025-12-03 23:14:06.712] [INFO ] === Logger shutting down ===
[2025-12-03 23:14:38.234] [INFO ] === Logger initialized ===
[2025-12-03 23:14:38.242] [INFO ] Signal handlers installed
[2025-12-03 23:14:38.249] [INFO ] === VoltShop Application Started ===
[2025-12-03 23:14:38.502] [INFO ] Database connection established successfully
[2025-12-03 23:14:38.548] [INFO ] Login dialog created
[2025-12-03 23:14:47.058] [INFO ] Login attempt for user: admin
[2025-12-03 23:14:47.069] [INFO ] Retrieved role from database: 'admin' for user: admin
[2025-12-03 23:14:47.076] [DEBUG] Using plain text password verification for user: admin
[2025-12-03 23:14:47.081] [DEBUG] User authenticated - Role: admin, TOTP: not set
[2025-12-03 23:14:47.088] [INFO ] User admin authenticated successfully, role: admin
[2025-12-03 23:14:47.095] [INFO ] User admin does not have 2FA enabled
[2025-12-03 23:14:48.651] [INFO ] User admin declined 2FA enrollment, proceeding without 2FA
[2025-12-03 23:14:48.657] [INFO ] Full authentication successful for user: admin
[2025-12-03 23:14:48.664] [INFO ] Scheduling MainWindow creation for user: admin with role: admin
[2025-12-03 23:14:48.669] [INFO ] Creating MainWindow instance
[2025-12-03 23:14:51.110] [INFO ] MainWindow constructor started
[2025-12-03 23:14:51.116] [INFO ] ExcelExporter initialized, script path: D:/2eme esprit/projet/Version_FINAL V5/Version_FINAL V3 (2)/Version_FINAL V3/Verion_FINALE/Verion_FINALE/python_scripts/financial_export.py
[2025-12-03 23:14:51.651] [INFO ] Setting role for user admin: admin (converted to: admin)
[2025-12-03 23:14:51.657] [INFO ] Role restrictions applied - Client:1 Commande:1 Stock:1 Transaction:1 Employee:1
[2025-12-03 23:14:51.664] [INFO ] Opened Employee tab for role: admin
[2025-12-03 23:14:51.922] [INFO ] MainWindow created and shown successfully
[2025-12-03 23:16:52.452] [INFO ] === Logger initialized ===
[2025-12-03 23:16:52.463] [INFO ] Signal handlers installed
[2025-12-03 23:16:52.471] [INFO ] === VoltShop Application Started ===
[2025-12-03 23:16:52.729] [INFO ] Database connection established successfully
[2025-12-03 23:16:52.779] [INFO ] Login dialog created
[2025-12-03 23:17:02.947] [INFO ] Login attempt for user: admin
[2025-12-03 23:17:02.959] [INFO ] Retrieved role from database: 'admin' for user: admin
[2025-12-03 23:17:02.965] [DEBUG] Using plain text password verification for user: admin
[2025-12-03 23:17:02.971] [DEBUG] User authenticated - Role: admin, TOTP: not set
[2025-12-03 23:17:02.977] [INFO ] User admin authenticated successfully, role: admin
[2025-12-03 23:17:02.984] [INFO ] User admin does not have 2FA enabled
[2025-12-03 23:17:04.466] [INFO ] User admin declined 2FA enrollment, proceeding without 2FA
[2025-12-03 23:17:04.474] [INFO ] Full authentication successful for user: admin
[2025-12-03 23:17:04.480] [INFO ] Scheduling MainWindow creation for user: admin with role: admin
[2025-12-03 23:17:04.487] [INFO ] Creating MainWindow instance
[2025-12-03 23:17:06.893] [INFO ] MainWindow constructor started
[2025-12-03 23:17:06.899] [INFO ] ExcelExporter initialized, script path: D:/2eme esprit/projet/Version_FINAL V5/Version_FINAL V3 (2)/Version_FINAL V3/Verion_FINALE/Verion_FINALE/python_scripts/financial_export.py
[2025-12-03 23:17:07.379] [INFO ] Setting role for user admin: admin (converted to: admin)
[2025-12-03 23:17:07.385] [INFO ] Role restrictions applied - Client:1 Commande:1 Stock:1 Transaction:1 Employee:1
[2025-12-03 23:17:07.393] [INFO ] Opened Employee tab for role: admin
[2025-12-03 23:17:07.630] [INFO ] MainWindow created and shown successfully
[2025-12-03 23:21:56.730] [INFO ] === Logger initialized ===
[2025-12-03 23:21:56.738] [INFO ] Signal handlers installed
[2025-12-03 23:21:56.744] [INFO ] === VoltShop Application Started ===
[2025-12-03 23:21:56.989] [INFO ] Database connection established successfully
[2025-12-03 23:21:57.034] [INFO ] Login dialog created
[2025-12-03 23:22:05.085] [INFO ] Login attempt for user: admin
[2025-12-03 23:22:05.097] [INFO ] Retrieved role from database: 'admin' for user: admin
[2025-12-03 23:22:05.103] [DEBUG] Using plain text password verification for user: admin
[2025-12-03 23:22:05.108] [DEBUG] User authenticated - Role: admin, TOTP: not set
[2025-12-03 23:22:05.115] [INFO ] User admin authenticated successfully, role: admin
[2025-12-03 23:22:05.121] [INFO ] User admin does not have 2FA enabled
[2025-12-03 23:22:06.912] [INFO ] User admin declined 2FA enrollment, proceeding without 2FA
[2025-12-03 23:22:06.919] [INFO ] Full authentication successful for user: admin
[2025-12-03 23:22:06.926] [INFO ] Scheduling MainWindow creation for user: admin with role: admin
[2025-12-03 23:22:06.932] [INFO ] Creating MainWindow instance
[2025-12-03 23:22:09.278] [INFO ] MainWindow constructor started
[2025-12-03 23:22:09.285] [INFO ] ExcelExporter initialized, script path: D:/2eme esprit/projet/Version_FINAL V5/Version_FINAL V3 (2)/Version_FINAL V3/Verion_FINALE/Verion_FINALE/python_scripts/financial_export.py
[2025-12-03 23:22:09.771] [INFO ] Setting role for user admin: admin (converted to: admin)
[2025-12-03 23:22:09.777] [INFO ] Role restrictions applied - Client:1 Commande:1 Stock:1 Transaction:1 Employee:1
[2025-12-03 23:22:09.785] [INFO ] Opened Employee tab for role: admin
[2025-12-03 23:22:10.021] [INFO ] MainWindow created and shown successfully
[2025-12-03 23:22:22.235] [INFO ] === VoltShop Application Exited with code 0 ===
[2025-12-03 23:22:22.244] [INFO ] Login dialog destroyed
[2025-12-03 23:22:22.275] [INFO ] === Logger shutting down ===
[2025-12-03 23:26:41.516] [INFO ] === Logger initialized ===
[2025-12-03 23:26:41.524] [INFO ] Signal handlers installed
[2025-12-03 23:26:41.531] [INFO ] === VoltShop Application Started ===
[2025-12-03 23:26:41.794] [INFO ] Database connection established successfully
[2025-12-03 23:26:41.837] [INFO ] Login dialog created
[2025-12-03 23:26:50.460] [INFO ] Login attempt for user: admin
[2025-12-03 23:26:50.472] [INFO ] Retrieved role from database: 'admin' for user: admin
[2025-12-03 23:26:50.478] [DEBUG] Using plain text password verification for user: admin
[2025-12-03 23:26:50.484] [DEBUG] User authenticated - Role: admin, TOTP: not set
[2025-12-03 23:26:50.491] [INFO ] User admin authenticated successfully, role: admin
[2025-12-03 23:26:50.497] [INFO ] User admin does not have 2FA enabled
[2025-12-03 23:26:52.169] [INFO ] User admin declined 2FA enrollment, proceeding without 2FA
[2025-12-03 23:26:52.177] [INFO ] Full authentication successful for user: admin
[2025-12-03 23:26:52.183] [INFO ] Scheduling MainWindow creation for user: admin with role: admin
[2025-12-03 23:26:52.189] [INFO ] Creating MainWindow instance
[2025-12-03 23:26:54.677] [INFO ] MainWindow constructor started
[2025-12-03 23:26:54.683] [INFO ] ExcelExporter initialized, script path: D:/2eme esprit/projet/Version_FINAL V5/Version_FINAL V3 (2)/Version_FINAL V3/Verion_FINALE/Verion_FINALE/python_scripts/financial_export.py
[2025-12-03 23:26:55.207] [INFO ] Setting role for user admin: admin (converted to: admin)
[2025-12-03 23:26:55.214] [INFO ] Role restrictions applied - Client:1 Commande:1 Stock:1 Transaction:1 Employee:1
[2025-12-03 23:26:55.222] [INFO ] Opened Employee tab for role: admin
[2025-12-03 23:26:55.448] [INFO ] MainWindow created and shown successfully
[2025-12-03 23:27:38.744] [INFO ] === Logger initialized ===
[2025-12-03 23:27:38.745] [INFO ] Signal handlers installed
[2025-12-03 23:27:38.746] [INFO ] === VoltShop Application Started ===
[2025-12-03 23:27:38.859] [INFO ] Database connection established successfully
[2025-12-03 23:27:38.886] [INFO ] Login dialog created
[2025-12-03 23:29:47.708] [INFO ] === VoltShop Application Exited with code 0 ===
[2025-12-03 23:29:47.709] [INFO ] Login dialog destroyed
[2025-12-03 23:29:47.750] [INFO ] === Logger shutting down ===
[2025-12-03 23:30:16.216] [INFO ] === Logger initialized ===
[2025-12-03 23:30:16.224] [INFO ] Signal handlers installed
[2025-12-03 23:30:16.231] [INFO ] === VoltShop Application Started ===
[2025-12-03 23:30:16.481] [INFO ] Database connection established successfully
[2025-12-03 23:30:16.533] [INFO ] Login dialog created
[2025-12-03 23:30:25.815] [INFO ] Login attempt for user: admin
[2025-12-03 23:30:25.826] [INFO ] Retrieved role from database: 'admin' for user: admin
[2025-12-03 23:30:25.832] [DEBUG] Using plain text password verification for user: admin
[2025-12-03 23:30:25.838] [DEBUG] User authenticated - Role: admin, TOTP: not set
[2025-12-03 23:30:25.844] [INFO ] User admin authenticated successfully, role: admin
[2025-12-03 23:30:25.850] [INFO ] User admin does not have 2FA enabled
[2025-12-03 23:30:27.492] [INFO ] User admin declined 2FA enrollment, proceeding without 2FA
[2025-12-03 23:30:27.500] [INFO ] Full authentication successful for user: admin
[2025-12-03 23:30:27.508] [INFO ] Scheduling MainWindow creation for user: admin with role: admin
[2025-12-03 23:30:27.515] [INFO ] Creating MainWindow instance
[2025-12-03 23:30:29.913] [INFO ] MainWindow constructor started
[2025-12-03 23:30:29.919] [INFO ] ExcelExporter initialized, script path: D:/2eme esprit/projet/Version_FINAL V5/Version_FINAL V3 (2)/Version_FINAL V3/Verion_FINALE/Verion_FINALE/python_scripts/financial_export.py
[2025-12-03 23:30:30.416] [INFO ] Setting role for user admin: admin (converted to: admin)
[2025-12-03 23:30:30.422] [INFO ] Role restrictions applied - Client:1 Commande:1 Stock:1 Transaction:1 Employee:1
[2025-12-03 23:30:30.430] [INFO ] Opened Employee tab for role: admin
[2025-12-03 23:30:30.685] [INFO ] MainWindow created and shown successfully
[2025-12-03 23:31:53.701] [INFO ] === Logger initialized ===
[2025-12-03 23:31:53.711] [INFO ] Signal handlers installed
[2025-12-03 23:31:53.718] [INFO ] === VoltShop Application Started ===
[2025-12-03 23:31:53.978] [INFO ] Database connection established successfully
[2025-12-03 23:31:54.027] [INFO ] Login dialog created
[2025-12-03 23:32:06.689] [INFO ] Login attempt for user: admin
[2025-12-03 23:32:06.700] [INFO ] Retrieved role from database: 'admin' for user: admin
[2025-12-03 23:32:06.707] [DEBUG] Using plain text password verification for user: admin
[2025-12-03 23:32:06.713] [DEBUG] User authenticated - Role: admin, TOTP: not set
[2025-12-03 23:32:06.719] [INFO ] User admin authenticated successfully, role: admin
[2025-12-03 23:32:06.726] [INFO ] User admin does not have 2FA enabled
[2025-12-03 23:32:08.390] [INFO ] User admin declined 2FA enrollment, proceeding without 2FA
[2025-12-03 23:32:08.398] [INFO ] Full authentication successful for user: admin
[2025-12-03 23:32:08.404] [INFO ] Scheduling MainWindow creation for user: admin with role: admin
[2025-12-03 23:32:08.411] [INFO ] Creating MainWindow instance
[2025-12-03 23:32:10.811] [INFO ] MainWindow constructor started
[2025-12-03 23:32:10.818] [INFO ] ExcelExporter initialized, script path: D:/2eme esprit/projet/Version_FINAL V5/Version_FINAL V3 (2)/Version_FINAL V3/Verion_FINALE/Verion_FINALE/python_scripts/financial_export.py
[2025-12-03 23:32:11.301] [INFO ] Setting role for user admin: admin (converted to: admin)
[2025-12-03 23:32:11.307] [INFO ] Role restrictions applied - Client:1 Commande:1 Stock:1 Transaction:1 Employee:1
[2025-12-03 23:32:11.315] [INFO ] Opened Employee tab for role: admin
[2025-12-03 23:32:11.546] [INFO ] MainWindow created and shown successfully
[2025-12-05 09:42:31.988] [INFO ] === Logger initialized ===
[2025-12-05 09:42:31.991] [INFO ] Signal handlers installed
[2025-12-05 09:42:31.992] [INFO ] === VoltShop Application Started ===
[2025-12-05 09:42:32.632] [INFO ] Database connection established successfully
[2025-12-05 09:42:33.173] [INFO ] Login dialog created
[2025-12-05 09:42:40.665] [INFO ] Login attempt for user: admin
[2025-12-05 09:42:40.677] [INFO ] Retrieved role from database: 'admin' for user: admin
[2025-12-05 09:42:40.678] [DEBUG] Using plain text password verification for user: admin
[2025-12-05 09:42:40.678] [DEBUG] User authenticated - Role: admin, TOTP: not set
[2025-12-05 09:42:40.678] [INFO ] User admin authenticated successfully, role: admin
[2025-12-05 09:42:40.679] [INFO ] User admin does not have 2FA enabled
[2025-12-05 09:42:43.605] [INFO ] User admin declined 2FA enrollment, proceeding without 2FA
[2025-12-05 09:42:43.605] [INFO ] Full authentication successful for user: admin
[2025-12-05 09:42:43.617] [INFO ] Scheduling MainWindow creation for user: admin with role: admin
[2025-12-05 09:42:43.617] [INFO ] Creating MainWindow instance
[2025-12-05 09:42:45.365] [INFO ] MainWindow constructor started
[2025-12-05 09:42:45.372] [INFO ] ExcelExporter initialized, script path: C:/Users/IMDS/Downloads/Version_FINAL V3 (2)/Version_FINAL V3 (2)/Version_FINAL V3/Verion_FINALE/Verion_FINALE/python_scripts/financial_export.py
[2025-12-05 09:42:45.862] [INFO ] Setting role for user admin: admin (converted to: admin)
[2025-12-05 09:42:45.862] [INFO ] Role restrictions applied - Client:1 Commande:1 Stock:1 Transaction:1 Employee:1
[2025-12-05 09:42:45.865] [INFO ] Opened Employee tab for role: admin
[2025-12-05 09:42:46.965] [INFO ] MainWindow created and shown successfully
[2025-12-05 09:43:14.116] [INFO ] === VoltShop Application Exited with code 0 ===
[2025-12-05 09:43:14.116] [INFO ] Login dialog destroyed
[2025-12-05 09:43:14.168] [INFO ] === Logger shutting down ===
[2025-12-05 09:44:03.914] [INFO ] === Logger initialized ===
[2025-12-05 09:44:03.915] [INFO ] Signal handlers installed
[2025-12-05 09:44:03.916] [INFO ] === VoltShop Application Started ===
[2025-12-05 09:44:04.417] [INFO ] Database connection established successfully
[2025-12-05 09:44:04.819] [INFO ] Login dialog created
[2025-12-05 09:44:11.497] [INFO ] Login attempt for user: admin
[2025-12-05 09:44:11.501] [INFO ] Retrieved role from database: 'admin' for user: admin
[2025-12-05 09:44:11.502] [DEBUG] Using plain text password verification for user: admin
[2025-12-05 09:44:11.502] [DEBUG] User authenticated - Role: admin, TOTP: not set
[2025-12-05 09:44:11.503] [INFO ] User admin authenticated successfully, role: admin
[2025-12-05 09:44:11.503] [INFO ] User admin does not have 2FA enabled
[2025-12-05 09:44:13.408] [INFO ] User admin declined 2FA enrollment, proceeding without 2FA
[2025-12-05 09:44:13.419] [INFO ] Full authentication successful for user: admin
[2025-12-05 09:44:13.419] [INFO ] Scheduling MainWindow creation for user: admin with role: admin
[2025-12-05 09:44:13.419] [INFO ] Creating MainWindow instance
[2025-12-05 09:44:14.670] [INFO ] MainWindow constructor started
[2025-12-05 09:44:14.672] [INFO ] ExcelExporter initialized, script path: C:/Users/IMDS/Downloads/Version_FINAL V3 (2)/Version_FINAL V3 (2)/Version_FINAL V3/Verion_FINALE/Verion_FINALE/python_scripts/financial_export.py
[2025-12-05 09:44:15.032] [INFO ] Setting role for user admin: admin (converted to: admin)
[2025-12-05 09:44:15.033] [INFO ] Role restrictions applied - Client:1 Commande:1 Stock:1 Transaction:1 Employee:1
[2025-12-05 09:44:15.034] [INFO ] Opened Employee tab for role: admin
[2025-12-05 09:44:15.960] [INFO ] MainWindow created and shown successfully
[2025-12-05 09:45:02.420] [INFO ] === VoltShop Application Exited with code 0 ===
[2025-12-05 09:45:02.420] [INFO ] Login dialog destroyed
[2025-12-05 09:45:02.526] [INFO ] === Logger shutting down ===
[2025-12-05 09:48:41.701] [INFO ] === Logger initialized ===
[2025-12-05 09:48:41.701] [INFO ] Signal handlers installed
[2025-12-05 09:48:41.701] [INFO ] === VoltShop Application Started ===
[2025-12-05 09:48:41.793] [INFO ] Database connection established successfully
[2025-12-05 09:48:41.817] [INFO ] Login dialog created
[2025-12-05 09:48:47.206] [INFO ] Login attempt for user: admin
[2025-12-05 09:48:47.219] [INFO ] Retrieved role from database: 'admin' for user: admin
[2025-12-05 09:48:47.219] [DEBUG] Using plain text password verification for user: admin
[2025-12-05 09:48:47.220] [DEBUG] User authenticated - Role: admin, TOTP: not set
[2025-12-05 09:48:47.220] [INFO ] User admin authenticated successfully, role: admin
[2025-12-05 09:48:47.220] [INFO ] User admin does not have 2FA enabled
[2025-12-05 09:48:48.550] [INFO ] User admin declined 2FA enrollment, proceeding without 2FA
[2025-12-05 09:48:48.550] [INFO ] Full authentication successful for user: admin
[2025-12-05 09:48:48.550] [INFO ] Scheduling MainWindow creation for user: admin with role: admin
[2025-12-05 09:48:48.550] [INFO ] Creating MainWindow instance
[2025-12-05 09:48:48.731] [INFO ] MainWindow constructor started
[2025-12-05 09:48:48.731] [INFO ] ExcelExporter initialized, script path: C:/Users/IMDS/Downloads/Version_FINAL V3 (2)/Version_FINAL V3 (2)/Version_FINAL V3/Verion_FINALE/Verion_FINALE/python_scripts/financial_export.py
[2025-12-05 09:48:48.832] [INFO ] Setting role for user admin: admin (converted to: admin)
[2025-12-05 09:48:48.832] [INFO ] Role restrictions applied - Client:1 Commande:1 Stock:1 Transaction:1 Employee:1
[2025-12-05 09:48:48.833] [INFO ] Opened Employee tab for role: admin
[2025-12-05 09:48:48.876] [INFO ] MainWindow created and shown successfully
[2025-12-05 09:51:58.194] [INFO ] === VoltShop Application Exited with code 0 ===
[2025-12-05 09:51:58.194] [INFO ] Login dialog destroyed
[2025-12-05 09:51:58.211] [INFO ] === Logger shutting down ===
[2025-12-05 09:52:01.688] [INFO ] === Logger initialized ===
[2025-12-05 09:52:01.688] [INFO ] Signal handlers installed
[2025-12-05 09:52:01.688] [INFO ] === VoltShop Application Started ===
[2025-12-05 09:52:01.767] [INFO ] Database connection established successfully
[2025-12-05 09:52:01.767] [INFO ] Login dialog created
[2025-12-05 09:52:06.810] [INFO ] Login attempt for user: admin
[2025-12-05 09:52:06.826] [INFO ] Retrieved role from database: 'admin' for user: admin
[2025-12-05 09:52:06.826] [DEBUG] Using plain text password verification for user: admin
[2025-12-05 09:52:06.826] [DEBUG] User authenticated - Role: admin, TOTP: not set
[2025-12-05 09:52:06.826] [INFO ] User admin authenticated successfully, role: admin
[2025-12-05 09:52:06.828] [INFO ] User admin does not have 2FA enabled
[2025-12-05 09:52:07.976] [INFO ] User admin declined 2FA enrollment, proceeding without 2FA
[2025-12-05 09:52:07.976] [INFO ] Full authentication successful for user: admin
[2025-12-05 09:52:07.978] [INFO ] Scheduling MainWindow creation for user: admin with role: admin
[2025-12-05 09:52:07.978] [INFO ] Creating MainWindow instance
[2025-12-05 09:52:08.169] [INFO ] MainWindow constructor started
[2025-12-05 09:52:08.170] [INFO ] ExcelExporter initialized, script path: C:/Users/IMDS/Downloads/Version_FINAL V3 (2)/Version_FINAL V3 (2)/Version_FINAL V3/Verion_FINALE/Verion_FINALE/python_scripts/financial_export.py
[2025-12-05 09:52:08.262] [INFO ] Setting role for user admin: admin (converted to: admin)
[2025-12-05 09:52:08.262] [INFO ] Role restrictions applied - Client:1 Commande:1 Stock:1 Transaction:1 Employee:1
[2025-12-05 09:52:08.263] [INFO ] Opened Employee tab for role: admin
[2025-12-05 09:52:08.308] [INFO ] MainWindow created and shown successfully
[2025-12-05 10:02:13.302] [INFO ] === VoltShop Application Exited with code 0 ===
[2025-12-05 10:02:13.302] [INFO ] Login dialog destroyed
[2025-12-05 10:02:13.324] [INFO ] === Logger shutting down ===
[2025-12-05 10:02:16.001] [INFO ] === Logger initialized ===
[2025-12-05 10:02:16.001] [INFO ] Signal handlers installed
[2025-12-05 10:02:16.001] [INFO ] === VoltShop Application Started ===
[2025-12-05 10:02:16.064] [INFO ] Database connection established successfully
[2025-12-05 10:02:16.080] [INFO ] Login dialog created
[2025-12-05 10:02:20.646] [INFO ] Login attempt for user: admin
[2025-12-05 10:02:20.656] [INFO ] Retrieved role from database: 'admin' for user: admin
[2025-12-05 10:02:20.656] [DEBUG] Using plain text password verification for user: admin
[2025-12-05 10:02:20.656] [DEBUG] User authenticated - Role: admin, TOTP: not set
[2025-12-05 10:02:20.657] [INFO ] User admin authenticated successfully, role: admin
[2025-12-05 10:02:20.657] [INFO ] User admin does not have 2FA enabled
[2025-12-05 10:02:21.568] [INFO ] User admin declined 2FA enrollment, proceeding without 2FA
[2025-12-05 10:02:21.568] [INFO ] Full authentication successful for user: admin
[2025-12-05 10:02:21.571] [INFO ] Scheduling MainWindow creation for user: admin with role: admin
[2025-12-05 10:02:21.571] [INFO ] Creating MainWindow instance
[2025-12-05 10:02:21.747] [INFO ] MainWindow constructor started
[2025-12-05 10:02:21.747] [INFO ] ExcelExporter initialized, script path: C:/Users/IMDS/Downloads/Version_FINAL V3 (2)/Version_FINAL V3 (2)/Version_FINAL V3/Verion_FINALE/Verion_FINALE/python_scripts/financial_export.py
[2025-12-05 10:02:21.827] [INFO ] Setting role for user admin: admin (converted to: admin)
[2025-12-05 10:02:21.827] [INFO ] Role restrictions applied - Client:1 Commande:1 Stock:1 Transaction:1 Employee:1
[2025-12-05 10:02:21.827] [INFO ] Opened Employee tab for role: admin
[2025-12-05 10:02:21.881] [INFO ] MainWindow created and shown successfully
[2025-12-05 10:03:17.550] [INFO ] === VoltShop Application Exited with code 0 ===
[2025-12-05 10:03:17.550] [INFO ] Login dialog destroyed
[2025-12-05 10:03:17.565] [INFO ] === Logger shutting down ===
[2025-12-05 10:19:22.440] [INFO ] === Logger initialized ===
[2025-12-05 10:19:22.440] [INFO ] Signal handlers installed
[2025-12-05 10:19:22.440] [INFO ] === VoltShop Application Started ===
[2025-12-05 10:19:22.519] [INFO ] Database connection established successfully
[2025-12-05 10:19:22.535] [INFO ] Login dialog created
[2025-12-05 10:19:26.616] [INFO ] Login attempt for user: admin
[2025-12-05 10:19:26.626] [INFO ] Retrieved role from database: 'admin' for user: admin
[2025-12-05 10:19:26.626] [DEBUG] Using plain text password verification for user: admin
[2025-12-05 10:19:26.628] [DEBUG] User authenticated - Role: admin, TOTP: not set
[2025-12-05 10:19:26.628] [INFO ] User admin authenticated successfully, role: admin
[2025-12-05 10:19:26.628] [INFO ] User admin does not have 2FA enabled
[2025-12-05 10:19:27.602] [INFO ] User admin declined 2FA enrollment, proceeding without 2FA
[2025-12-05 10:19:27.602] [INFO ] Full authentication successful for user: admin
[2025-12-05 10:19:27.602] [INFO ] Scheduling MainWindow creation for user: admin with role: admin
[2025-12-05 10:19:27.602] [INFO ] Creating MainWindow instance
[2025-12-05 10:19:27.790] [INFO ] MainWindow constructor started
[2025-12-05 10:19:27.791] [INFO ] ExcelExporter initialized, script path: C:/Users/IMDS/Downloads/Version_FINAL V3 (2)/Version_FINAL V3 (2)/Version_FINAL V3/Verion_FINALE/Verion_FINALE/python_scripts/financial_export.py
[2025-12-05 10:19:27.892] [INFO ] Setting role for user admin: admin (converted to: admin)
[2025-12-05 10:19:27.892] [INFO ] Role restrictions applied - Client:1 Commande:1 Stock:1 Transaction:1 Employee:1
[2025-12-05 10:19:27.893] [INFO ] Opened Employee tab for role: admin
[2025-12-05 10:19:27.937] [INFO ] MainWindow created and shown successfully
[2025-12-05 10:19:31.056] [INFO ] Excel export button clicked
[2025-12-05 10:19:35.794] [INFO ] Excel export button clicked
[2025-12-05 10:19:40.000] [INFO ] Fetched 5 transactions from database
[2025-12-05 10:19:40.461] [INFO ] Found Python executable: py
[2025-12-05 10:19:40.462] [INFO ] Launching Python: py C:/Users/IMDS/Downloads/Version_FINAL V3 (2)/Version_FINAL V3 (2)/Version_FINAL V3/Verion_FINALE/Verion_FINALE/python_scripts/financial_export.py C:/Users/IMDS/Desktop/Bilan_Financier_20251205_101935.xlsx
[2025-12-05 10:19:40.699] [INFO ] Python process exited with code: 0
[2025-12-05 10:19:40.699] [INFO ] Python stdout: SUCCESS: Excel file created: C:/Users/IMDS/Desktop/Bilan_Financier_20251205_101935.xlsx

[2025-12-05 10:19:40.699] [INFO ] Bilan Financier exporté avec succès:
C:/Users/IMDS/Desktop/Bilan_Financier_20251205_101935.xlsx
[2025-12-05 10:20:21.957] [INFO ] === VoltShop Application Exited with code 0 ===
[2025-12-05 10:20:21.957] [INFO ] Login dialog destroyed
[2025-12-05 10:20:21.986] [INFO ] === Logger shutting down ===
[2025-12-05 10:23:29.521] [INFO ] === Logger initialized ===
[2025-12-05 10:23:29.522] [INFO ] Signal handlers installed
[2025-12-05 10:23:29.522] [INFO ] === VoltShop Application Started ===
[2025-12-05 10:23:29.566] [INFO ] Database connection established successfully
[2025-12-05 10:23:29.582] [INFO ] Login dialog created
[2025-12-05 10:23:34.294] [INFO ] Login attempt for user: admin
[2025-12-05 10:23:34.297] [INFO ] Retrieved role from database: 'admin' for user: admin
[2025-12-05 10:23:34.297] [DEBUG] Using plain text password verification for user: admin
[2025-12-05 10:23:34.297] [DEBUG] User authenticated - Role: admin, TOTP: not set
[2025-12-05 10:23:34.297] [INFO ] User admin authenticated successfully, role: admin
[2025-12-05 10:23:34.298] [INFO ] User admin does not have 2FA enabled
[2025-12-05 10:23:35.356] [INFO ] User admin declined 2FA enrollment, proceeding without 2FA
[2025-12-05 10:23:35.356] [INFO ] Full authentication successful for user: admin
[2025-12-05 10:23:35.356] [INFO ] Scheduling MainWindow creation for user: admin with role: admin
[2025-12-05 10:23:35.358] [INFO ] Creating MainWindow instance
[2025-12-05 10:23:35.523] [INFO ] MainWindow constructor started
[2025-12-05 10:23:35.523] [INFO ] ExcelExporter initialized, script path: C:/Users/IMDS/Downloads/Version_FINAL V3 (2)/Version_FINAL V3 (2)/Version_FINAL V3/Verion_FINALE/Verion_FINALE/python_scripts/financial_export.py
[2025-12-05 10:23:35.619] [INFO ] Setting role for user admin: admin (converted to: admin)
[2025-12-05 10:23:35.619] [INFO ] Role restrictions applied - Client:1 Commande:1 Stock:1 Transaction:1 Employee:1
[2025-12-05 10:23:35.619] [INFO ] Opened Employee tab for role: admin
[2025-12-05 10:23:35.666] [INFO ] MainWindow created and shown successfully
[2025-12-05 10:27:22.744] [INFO ] === VoltShop Application Exited with code 0 ===
[2025-12-05 10:27:22.744] [INFO ] Login dialog destroyed
[2025-12-05 10:27:22.777] [INFO ] === Logger shutting down ===
[2025-12-05 10:30:24.347] [INFO ] === Logger initialized ===
[2025-12-05 10:30:24.347] [INFO ] Signal handlers installed
[2025-12-05 10:30:24.347] [INFO ] === VoltShop Application Started ===
[2025-12-05 10:30:24.411] [INFO ] Database connection established successfully
[2025-12-05 10:30:24.427] [INFO ] Login dialog created
[2025-12-05 10:30:29.652] [INFO ] Login attempt for user: admin
[2025-12-05 10:30:29.652] [INFO ] Retrieved role from database: 'admin' for user: admin
[2025-12-05 10:30:29.652] [DEBUG] Using plain text password verification for user: admin
[2025-12-05 10:30:29.652] [DEBUG] User authenticated - Role: admin, TOTP: not set
[2025-12-05 10:30:29.652] [INFO ] User admin authenticated successfully, role: admin
[2025-12-05 10:30:29.652] [INFO ] User admin does not have 2FA enabled
[2025-12-05 10:30:30.703] [INFO ] User admin declined 2FA enrollment, proceeding without 2FA
[2025-12-05 10:30:30.703] [INFO ] Full authentication successful for user: admin
[2025-12-05 10:30:30.703] [INFO ] Scheduling MainWindow creation for user: admin with role: admin
[2025-12-05 10:30:30.703] [INFO ] Creating MainWindow instance
[2025-12-05 10:30:30.889] [INFO ] MainWindow constructor started
[2025-12-05 10:30:30.889] [INFO ] ExcelExporter initialized, script path: C:/Users/IMDS/Downloads/Version_FINAL V3 (2)/Version_FINAL V3 (2)/Version_FINAL V3/Verion_FINALE/Verion_FINALE/python_scripts/financial_export.py
[2025-12-05 10:30:30.978] [INFO ] Setting role for user admin: admin (converted to: admin)
[2025-12-05 10:30:30.978] [INFO ] Role restrictions applied - Client:1 Commande:1 Stock:1 Transaction:1 Employee:1
[2025-12-05 10:30:30.978] [INFO ] Opened Employee tab for role: admin
[2025-12-05 10:30:31.022] [INFO ] MainWindow created and shown successfully
[2025-12-05 10:30:39.556] [INFO ] === VoltShop Application Exited with code 0 ===
[2025-12-05 10:30:39.556] [INFO ] Login dialog destroyed
[2025-12-05 10:30:39.581] [INFO ] === Logger shutting down ===
[2025-12-05 10:36:24.612] [INFO ] === Logger initialized ===
[2025-12-05 10:36:24.613] [INFO ] Signal handlers installed
[2025-12-05 10:36:24.613] [INFO ] === VoltShop Application Started ===
[2025-12-05 10:36:24.677] [INFO ] Database connection established successfully
[2025-12-05 10:36:24.693] [INFO ] Login dialog created
[2025-12-05 10:36:29.237] [INFO ] Login attempt for user: admin
[2025-12-05 10:36:29.253] [INFO ] Retrieved role from database: 'admin' for user: admin
[2025-12-05 10:36:29.253] [DEBUG] Using plain text password verification for user: admin
[2025-12-05 10:36:29.253] [DEBUG] User authenticated - Role: admin, TOTP: not set
[2025-12-05 10:36:29.253] [INFO ] User admin authenticated successfully, role: admin
[2025-12-05 10:36:29.253] [INFO ] User admin does not have 2FA enabled
[2025-12-05 10:36:30.465] [INFO ] User admin declined 2FA enrollment, proceeding without 2FA
[2025-12-05 10:36:30.465] [INFO ] Full authentication successful for user: admin
[2025-12-05 10:36:30.465] [INFO ] Scheduling MainWindow creation for user: admin with role: admin
[2025-12-05 10:36:30.465] [INFO ] Creating MainWindow instance
[2025-12-05 10:36:30.643] [INFO ] MainWindow constructor started
[2025-12-05 10:36:30.643] [INFO ] ExcelExporter initialized, script path: C:/Users/IMDS/Downloads/Version_FINAL V3 (2)/Version_FINAL V3 (2)/Version_FINAL V3/Verion_FINALE/Verion_FINALE/python_scripts/financial_export.py
[2025-12-05 10:36:30.742] [INFO ] Setting role for user admin: admin (converted to: admin)
[2025-12-05 10:36:30.742] [INFO ] Role restrictions applied - Client:1 Commande:1 Stock:1 Transaction:1 Employee:1
[2025-12-05 10:36:30.743] [INFO ] Opened Employee tab for role: admin
[2025-12-05 10:36:30.787] [INFO ] MainWindow created and shown successfully
[2025-12-05 10:36:37.689] [INFO ] === VoltShop Application Exited with code 0 ===
[2025-12-05 10:36:37.689] [INFO ] Login dialog destroyed
[2025-12-05 10:36:37.712] [INFO ] === Logger shutting down ===
[2025-12-05 10:37:53.156] [INFO ] === Logger initialized ===
[2025-12-05 10:37:53.156] [INFO ] Signal handlers installed
[2025-12-05 10:37:53.156] [INFO ] === VoltShop Application Started ===
[2025-12-05 10:37:53.219] [INFO ] Database connection established successfully
[2025-12-05 10:37:53.235] [INFO ] Login dialog created
[2025-12-05 10:38:16.922] [INFO ] Login attempt for user: admin
[2025-12-05 10:38:16.922] [INFO ] Retrieved role from database: 'admin' for user: admin
[2025-12-05 10:38:16.922] [DEBUG] Using plain text password verification for user: admin
[2025-12-05 10:38:16.922] [DEBUG] User authenticated - Role: admin, TOTP: not set
[2025-12-05 10:38:16.922] [INFO ] User admin authenticated successfully, role: admin
[2025-12-05 10:38:16.922] [INFO ] User admin does not have 2FA enabled
[2025-12-05 10:38:17.972] [INFO ] User admin declined 2FA enrollment, proceeding without 2FA
[2025-12-05 10:38:17.972] [INFO ] Full authentication successful for user: admin
[2025-12-05 10:38:17.972] [INFO ] Scheduling MainWindow creation for user: admin with role: admin
[2025-12-05 10:38:17.972] [INFO ] Creating MainWindow instance
[2025-12-05 10:38:18.155] [INFO ] MainWindow constructor started
[2025-12-05 10:38:18.155] [INFO ] ExcelExporter initialized, script path: C:/Users/IMDS/Downloads/Version_FINAL V3 (2)/Version_FINAL V3 (2)/Version_FINAL V3/Verion_FINALE/Verion_FINALE/python_scripts/financial_export.py
[2025-12-05 10:38:18.251] [INFO ] Setting role for user admin: admin (converted to: admin)
[2025-12-05 10:38:18.251] [INFO ] Role restrictions applied - Client:1 Commande:1 Stock:1 Transaction:1 Employee:1
[2025-12-05 10:38:18.255] [INFO ] Opened Employee tab for role: admin
[2025-12-05 10:38:18.298] [INFO ] MainWindow created and shown successfully
[2025-12-05 10:41:32.515] [INFO ] === VoltShop Application Exited with code 0 ===
[2025-12-05 10:41:32.515] [INFO ] Login dialog destroyed
[2025-12-05 10:41:32.531] [INFO ] === Logger shutting down ===
[2025-12-05 10:45:59.102] [INFO ] === Logger initialized ===
[2025-12-05 10:45:59.102] [INFO ] Signal handlers installed
[2025-12-05 10:45:59.102] [INFO ] === VoltShop Application Started ===
[2025-12-05 10:45:59.171] [INFO ] Database connection established successfully
[2025-12-05 10:45:59.197] [INFO ] Login dialog created
[2025-12-05 10:46:03.755] [INFO ] Login attempt for user: admin
[2025-12-05 10:46:03.770] [INFO ] Retrieved role from database: 'admin' for user: admin
[2025-12-05 10:46:03.770] [DEBUG] Using plain text password verification for user: admin
[2025-12-05 10:46:03.770] [DEBUG] User authenticated - Role: admin, TOTP: not set
[2025-12-05 10:46:03.770] [INFO ] User admin authenticated successfully, role: admin
[2025-12-05 10:46:03.770] [INFO ] User admin does not have 2FA enabled
[2025-12-05 10:46:04.723] [INFO ] User admin declined 2FA enrollment, proceeding without 2FA
[2025-12-05 10:46:04.723] [INFO ] Full authentication successful for user: admin
[2025-12-05 10:46:04.723] [INFO ] Scheduling MainWindow creation for user: admin with role: admin
[2025-12-05 10:46:04.723] [INFO ] Creating MainWindow instance
[2025-12-05 10:46:04.916] [INFO ] MainWindow constructor started
[2025-12-05 10:46:04.916] [INFO ] ExcelExporter initialized, script path: C:/Users/IMDS/Downloads/Version_FINAL V3 (2)/Version_FINAL V3 (2)/Version_FINAL V3/Verion_FINALE/Verion_FINALE/python_scripts/financial_export.py
[2025-12-05 10:46:05.028] [INFO ] Setting role for user admin: admin (converted to: admin)
[2025-12-05 10:46:05.028] [INFO ] Role restrictions applied - Client:1 Commande:1 Stock:1 Transaction:1 Employee:1
[2025-12-05 10:46:05.028] [INFO ] Opened Employee tab for role: admin
[2025-12-05 10:46:05.077] [INFO ] MainWindow created and shown successfully
[2025-12-05 10:49:01.422] [INFO ] === VoltShop Application Exited with code 0 ===
[2025-12-05 10:49:01.422] [INFO ] Login dialog destroyed
[2025-12-05 10:49:01.433] [INFO ] === Logger shutting down ===
[2025-12-05 10:49:18.645] [INFO ] === Logger initialized ===
[2025-12-05 10:49:18.653] [INFO ] Signal handlers installed
[2025-12-05 10:49:18.653] [INFO ] === VoltShop Application Started ===
[2025-12-05 10:49:18.717] [INFO ] Database connection established successfully
[2025-12-05 10:49:18.737] [INFO ] Login dialog created
[2025-12-05 10:49:22.874] [INFO ] Login attempt for user: admin
[2025-12-05 10:49:22.885] [INFO ] Retrieved role from database: 'admin' for user: admin
[2025-12-05 10:49:22.885] [DEBUG] Using plain text password verification for user: admin
[2025-12-05 10:49:22.885] [DEBUG] User authenticated - Role: admin, TOTP: not set
[2025-12-05 10:49:22.885] [INFO ] User admin authenticated successfully, role: admin
[2025-12-05 10:49:22.885] [INFO ] User admin does not have 2FA enabled
[2025-12-05 10:49:23.879] [INFO ] User admin declined 2FA enrollment, proceeding without 2FA
[2025-12-05 10:49:23.879] [INFO ] Full authentication successful for user: admin
[2025-12-05 10:49:23.879] [INFO ] Scheduling MainWindow creation for user: admin with role: admin
[2025-12-05 10:49:23.879] [INFO ] Creating MainWindow instance
[2025-12-05 10:49:24.063] [INFO ] MainWindow constructor started
[2025-12-05 10:49:24.063] [INFO ] ExcelExporter initialized, script path: C:/Users/IMDS/Downloads/Version_FINAL V3 (2)/Version_FINAL V3 (2)/Version_FINAL V3/Verion_FINALE/Verion_FINALE/python_scripts/financial_export.py
[2025-12-05 10:49:24.163] [INFO ] Setting role for user admin: admin (converted to: admin)
[2025-12-05 10:49:24.164] [INFO ] Role restrictions applied - Client:1 Commande:1 Stock:1 Transaction:1 Employee:1
[2025-12-05 10:49:24.164] [INFO ] Opened Employee tab for role: admin
[2025-12-05 10:49:24.216] [INFO ] MainWindow created and shown successfully
[2025-12-05 11:00:36.331] [INFO ] === VoltShop Application Exited with code 0 ===
[2025-12-05 11:00:36.331] [INFO ] Login dialog destroyed
[2025-12-05 11:00:36.369] [INFO ] === Logger shutting down ===
[2025-12-05 11:07:13.129] [INFO ] === Logger initialized ===
[2025-12-05 11:07:13.130] [INFO ] Signal handlers installed
[2025-12-05 11:07:13.131] [INFO ] === VoltShop Application Started ===
[2025-12-05 11:07:13.207] [INFO ] Database connection established successfully
[2025-12-05 11:07:13.223] [INFO ] Login dialog created
[2025-12-05 11:07:17.856] [INFO ] Login attempt for user: admin
[2025-12-05 11:07:17.869] [INFO ] Retrieved role from database: 'admin' for user: admin
[2025-12-05 11:07:17.870] [DEBUG] Using plain text password verification for user: admin
[2025-12-05 11:07:17.870] [DEBUG] User authenticated - Role: admin, TOTP: not set
[2025-12-05 11:07:17.870] [INFO ] User admin authenticated successfully, role: admin
[2025-12-05 11:07:17.870] [INFO ] User admin does not have 2FA enabled
[2025-12-05 11:07:18.957] [INFO ] User admin declined 2FA enrollment, proceeding without 2FA
[2025-12-05 11:07:18.957] [INFO ] Full authentication successful for user: admin
[2025-12-05 11:07:18.957] [INFO ] Scheduling MainWindow creation for user: admin with role: admin
[2025-12-05 11:07:18.959] [INFO ] Creating MainWindow instance
[2025-12-05 11:07:19.134] [INFO ] MainWindow constructor started
[2025-12-05 11:07:19.134] [INFO ] ExcelExporter initialized, script path: C:/Users/IMDS/Downloads/Version_FINAL V3 (2)/Version_FINAL V3 (2)/Version_FINAL V3/Verion_FINALE/Verion_FINALE/python_scripts/financial_export.py
[2025-12-05 11:07:19.221] [INFO ] Setting role for user admin: admin (converted to: admin)
[2025-12-05 11:07:19.221] [INFO ] Role restrictions applied - Client:1 Commande:1 Stock:1 Transaction:1 Employee:1
[2025-12-05 11:07:19.221] [INFO ] Opened Employee tab for role: admin
[2025-12-05 11:07:19.272] [INFO ] MainWindow created and shown successfully
[2025-12-05 11:19:02.109] [INFO ] User admin logging out
[2025-12-05 11:19:02.150] [INFO ] Login dialog created
[2025-12-05 11:19:02.171] [INFO ] Login dialog created for re-authentication
[2025-12-05 11:19:02.292] [INFO ] Deleting MainWindow after logout
[2025-12-05 11:19:02.293] [INFO ] MainWindow destructor called
[2025-12-05 11:19:02.293] [INFO ] MainWindow destructor completed
[2025-12-05 11:19:13.019] [INFO ] Login attempt for user: admin
[2025-12-05 11:19:13.035] [INFO ] Retrieved role from database: 'admin' for user: admin
[2025-12-05 11:19:13.035] [DEBUG] Using plain text password verification for user: admin
[2025-12-05 11:19:13.035] [WARN ] Password mismatch for user: admin
[2025-12-05 11:19:14.455] [WARN ] Failed login for user: admin
[2025-12-05 11:19:18.788] [INFO ] Login attempt for user: admin
[2025-12-05 11:19:18.788] [INFO ] Retrieved role from database: 'admin' for user: admin
[2025-12-05 11:19:18.788] [DEBUG] Using plain text password verification for user: admin
[2025-12-05 11:19:18.788] [DEBUG] User authenticated - Role: admin, TOTP: not set
[2025-12-05 11:19:18.788] [INFO ] User admin authenticated successfully, role: admin
[2025-12-05 11:19:18.788] [INFO ] User admin does not have 2FA enabled
[2025-12-05 11:19:28.463] [INFO ] Generated TOTP secret for user: admin
[2025-12-05 11:20:06.041] [INFO ] TOTP enrollment completed for user: admin
[2025-12-05 11:20:11.549] [INFO ] Login attempt for user: admin
[2025-12-05 11:20:11.560] [INFO ] Retrieved role from database: 'admin' for user: admin
[2025-12-05 11:20:11.561] [DEBUG] Using plain text password verification for user: admin
[2025-12-05 11:20:11.561] [DEBUG] User authenticated - Role: admin, TOTP: set
[2025-12-05 11:20:11.561] [INFO ] User admin authenticated successfully, role: admin
[2025-12-05 11:20:11.561] [INFO ] User admin requires TOTP verification
[2025-12-05 11:20:19.102] [INFO ] TOTP verification successful for user: admin
[2025-12-05 11:20:19.102] [INFO ] Full authentication successful for user: admin
[2025-12-05 11:20:19.102] [INFO ] Scheduling MainWindow creation for user: admin with role: admin
[2025-12-05 11:20:19.102] [INFO ] Creating MainWindow instance
[2025-12-05 11:20:19.333] [INFO ] MainWindow constructor started
[2025-12-05 11:20:19.333] [INFO ] ExcelExporter initialized, script path: C:/Users/IMDS/Downloads/Version_FINAL V3 (2)/Version_FINAL V3 (2)/Version_FINAL V3/Verion_FINALE/Verion_FINALE/python_scripts/financial_export.py
[2025-12-05 11:20:19.444] [INFO ] Setting role for user admin: admin (converted to: admin)
[2025-12-05 11:20:19.444] [INFO ] Role restrictions applied - Client:1 Commande:1 Stock:1 Transaction:1 Employee:1
[2025-12-05 11:20:19.444] [INFO ] Opened Employee tab for role: admin
[2025-12-05 11:20:19.459] [INFO ] MainWindow created and shown successfully
[2025-12-05 11:23:37.675] [INFO ] Excel export button clicked
[2025-12-05 11:23:39.852] [INFO ] Fetched 6 transactions from database
[2025-12-05 11:23:40.164] [INFO ] Found Python executable: py
[2025-12-05 11:23:40.164] [INFO ] Launching Python: py C:/Users/IMDS/Downloads/Version_FINAL V3 (2)/Version_FINAL V3 (2)/Version_FINAL V3/Verion_FINALE/Verion_FINALE/python_scripts/financial_export.py C:/Users/IMDS/Documents/Bilan_Financier_20251205_112337.xlsx
[2025-12-05 11:23:40.333] [INFO ] Python process exited with code: 0
[2025-12-05 11:23:40.333] [INFO ] Python stdout: SUCCESS: Excel file created: C:/Users/IMDS/Documents/Bilan_Financier_20251205_112337.xlsx

[2025-12-05 11:23:40.333] [INFO ] Bilan Financier exporté avec succès:
C:/Users/IMDS/Documents/Bilan_Financier_20251205_112337.xlsx
[2025-12-05 11:24:22.385] [INFO ] Excel export button clicked
[2025-12-05 11:24:23.647] [INFO ] Fetched 6 transactions from database
[2025-12-05 11:24:23.970] [INFO ] Found Python executable: py
[2025-12-05 11:24:23.970] [INFO ] Launching Python: py C:/Users/IMDS/Downloads/Version_FINAL V3 (2)/Version_FINAL V3 (2)/Version_FINAL V3/Verion_FINALE/Verion_FINALE/python_scripts/financial_export.py C:/Users/IMDS/Documents/Bilan_Financier_20251205_112422.xlsx
[2025-12-05 11:24:24.159] [INFO ] Python process exited with code: 0
[2025-12-05 11:24:24.159] [INFO ] Python stdout: SUCCESS: Excel file created: C:/Users/IMDS/Documents/Bilan_Financier_20251205_112422.xlsx

[2025-12-05 11:24:24.159] [INFO ] Bilan Financier exporté avec succès:
C:/Users/IMDS/Documents/Bilan_Financier_20251205_112422.xlsx
[2025-12-05 11:48:21.369] [INFO ] === VoltShop Application Exited with code 0 ===
[2025-12-05 11:48:21.370] [INFO ] Login dialog destroyed
[2025-12-05 11:48:21.459] [INFO ] === Logger shutting down ===
[2025-12-05 11:48:41.123] [INFO ] === Logger initialized ===
[2025-12-05 11:48:41.126] [INFO ] Signal handlers installed
[2025-12-05 11:48:41.126] [INFO ] === VoltShop Application Started ===
[2025-12-05 11:48:41.694] [INFO ] Database connection established successfully
[2025-12-05 11:48:42.266] [INFO ] Login dialog created
[2025-12-05 11:48:48.673] [INFO ] Login attempt for user: admin
[2025-12-05 11:48:48.685] [INFO ] Retrieved role from database: 'admin' for user: admin
[2025-12-05 11:48:48.686] [DEBUG] Using plain text password verification for user: admin
[2025-12-05 11:48:48.687] [DEBUG] User authenticated - Role: admin, TOTP: set
[2025-12-05 11:48:48.687] [INFO ] User admin authenticated successfully, role: admin
[2025-12-05 11:48:48.688] [INFO ] User admin requires TOTP verification
[2025-12-05 11:48:55.371] [WARN ] TOTP verification failed for user: admin
[2025-12-05 11:48:58.017] [INFO ] Login attempt for user: admin
[2025-12-05 11:48:58.033] [INFO ] Retrieved role from database: 'admin' for user: admin
[2025-12-05 11:48:58.033] [DEBUG] Using plain text password verification for user: admin
[2025-12-05 11:48:58.035] [DEBUG] User authenticated - Role: admin, TOTP: set
[2025-12-05 11:48:58.035] [INFO ] User admin authenticated successfully, role: admin
[2025-12-05 11:48:58.037] [INFO ] User admin requires TOTP verification
[2025-12-05 11:49:03.122] [WARN ] TOTP verification failed for user: admin
[2025-12-05 11:49:08.900] [INFO ] Login attempt for user: admin
[2025-12-05 11:49:08.904] [INFO ] Retrieved role from database: 'admin' for user: admin
[2025-12-05 11:49:08.905] [DEBUG] Using plain text password verification for user: admin
[2025-12-05 11:49:08.906] [DEBUG] User authenticated - Role: admin, TOTP: set
[2025-12-05 11:49:08.906] [INFO ] User admin authenticated successfully, role: admin
[2025-12-05 11:49:08.907] [INFO ] User admin requires TOTP verification
[2025-12-05 11:49:33.397] [INFO ] TOTP verification successful for user: admin
[2025-12-05 11:49:33.397] [INFO ] Full authentication successful for user: admin
[2025-12-05 11:49:33.397] [INFO ] Scheduling MainWindow creation for user: admin with role: admin
[2025-12-05 11:49:33.400] [INFO ] Creating MainWindow instance
[2025-12-05 11:49:34.837] [INFO ] MainWindow constructor started
[2025-12-05 11:49:34.837] [INFO ] ExcelExporter initialized, script path: C:/Users/IMDS/Downloads/Version_FINAL V3 (2)/Version_FINAL V3 (2)/Version_FINAL V3/Verion_FINALE/Verion_FINALE/python_scripts/financial_export.py
[2025-12-05 11:49:35.219] [INFO ] Setting role for user admin: admin (converted to: admin)
[2025-12-05 11:49:35.219] [INFO ] Role restrictions applied - Client:1 Commande:1 Stock:1 Transaction:1 Employee:1
[2025-12-05 11:49:35.219] [INFO ] Opened Employee tab for role: admin
[2025-12-05 11:49:36.316] [INFO ] MainWindow created and shown successfully
[2025-12-05 12:18:47.164] [INFO ] === VoltShop Application Exited with code 0 ===
[2025-12-05 12:18:47.168] [INFO ] Login dialog destroyed
[2025-12-05 12:18:47.286] [INFO ] === Logger shutting down ===
[2025-12-06 15:06:50.615] [INFO ] === Logger initialized ===
[2025-12-06 15:06:50.615] [INFO ] Signal handlers installed
[2025-12-06 15:06:50.615] [INFO ] === VoltShop Application Started ===
[2025-12-06 15:06:50.699] [INFO ] Database connection established successfully
[2025-12-06 15:06:50.721] [INFO ] Login dialog created
[2025-12-06 15:06:51.977] [INFO ] === VoltShop Application Exited with code 0 ===
[2025-12-06 15:06:51.977] [INFO ] Login dialog destroyed
[2025-12-06 15:06:52.003] [INFO ] === Logger shutting down ===
[2025-12-07 17:31:06.276] [INFO ] === Logger initialized ===
[2025-12-07 17:31:06.278] [INFO ] Signal handlers installed
[2025-12-07 17:31:06.278] [INFO ] === VoltShop Application Started ===
[2025-12-07 17:31:06.415] [INFO ] Database connection established successfully
[2025-12-07 17:31:06.436] [INFO ] Login dialog created
[2025-12-07 18:01:12.194] [INFO ] Login attempt for user: admin
[2025-12-07 18:01:12.217] [INFO ] Retrieved role from database: 'admin' for user: admin
[2025-12-07 18:01:12.217] [DEBUG] Using plain text password verification for user: admin
[2025-12-07 18:01:12.218] [WARN ] Password mismatch for user: admin
[2025-12-07 18:01:12.938] [WARN ] Failed login for user: admin
[2025-12-07 18:01:15.178] [INFO ] Login attempt for user: admin
[2025-12-07 18:01:15.184] [INFO ] Retrieved role from database: 'admin' for user: admin
[2025-12-07 18:01:15.184] [DEBUG] Using plain text password verification for user: admin
[2025-12-07 18:01:15.185] [DEBUG] User authenticated - Role: admin, TOTP: set
[2025-12-07 18:01:15.185] [INFO ] User admin authenticated successfully, role: admin
[2025-12-07 18:01:15.185] [INFO ] User admin requires TOTP verification
[2025-12-07 18:01:18.461] [WARN ] TOTP verification failed for user: admin
[2025-12-07 18:01:20.548] [INFO ] === VoltShop Application Exited with code 0 ===
[2025-12-07 18:01:20.548] [INFO ] Login dialog destroyed
[2025-12-07 18:01:20.579] [INFO ] === Logger shutting down ===
[2025-12-07 18:03:42.342] [INFO ] === Logger initialized ===
[2025-12-07 18:03:42.343] [INFO ] Signal handlers installed
[2025-12-07 18:03:42.343] [INFO ] === VoltShop Application Started ===
[2025-12-07 18:03:42.432] [INFO ] Database connection established successfully
[2025-12-07 18:03:42.447] [INFO ] Login dialog created
[2025-12-07 18:03:50.118] [INFO ] Login attempt for user: admin
[2025-12-07 18:03:50.129] [INFO ] Retrieved role from database: 'admin' for user: admin
[2025-12-07 18:03:50.130] [DEBUG] Using plain text password verification for user: admin
[2025-12-07 18:03:50.130] [DEBUG] User authenticated - Role: admin, TOTP: not set
[2025-12-07 18:03:50.130] [INFO ] User admin authenticated successfully, role: admin
[2025-12-07 18:03:50.130] [INFO ] User admin does not have 2FA enabled
[2025-12-07 18:03:52.505] [INFO ] User admin declined 2FA enrollment, proceeding without 2FA
[2025-12-07 18:03:52.505] [INFO ] Full authentication successful for user: admin
[2025-12-07 18:03:52.505] [INFO ] Scheduling MainWindow creation for user: admin with role: admin
[2025-12-07 18:03:52.513] [INFO ] Creating MainWindow instance
[2025-12-07 18:03:52.741] [INFO ] MainWindow constructor started
[2025-12-07 18:03:52.741] [INFO ] ExcelExporter initialized, script path: C:/Users/IMDS/Downloads/Version_FINAL V3 (2)/Version_FINAL V3 (2)/Version_FINAL V3/Verion_FINALE/Verion_FINALE/python_scripts/financial_export.py
[2025-12-07 18:03:52.868] [INFO ] Setting role for user admin: admin (converted to: admin)
[2025-12-07 18:03:52.868] [INFO ] Role restrictions applied - Client:1 Commande:1 Stock:1 Transaction:1 Employee:1
[2025-12-07 18:03:52.869] [INFO ] Opened Employee tab for role: admin
[2025-12-07 18:03:52.913] [INFO ] MainWindow created and shown successfully
[2025-12-07 18:04:29.048] [INFO ] === VoltShop Application Exited with code 0 ===
[2025-12-07 18:04:29.048] [INFO ] Login dialog destroyed
[2025-12-07 18:04:29.076] [INFO ] === Logger shutting down ===
[2025-12-08 23:20:32.034] [INFO ] === Logger initialized ===
[2025-12-08 23:20:32.035] [INFO ] Signal handlers installed
[2025-12-08 23:20:32.035] [INFO ] === VoltShop Application Started ===
[2025-12-08 23:20:32.727] [INFO ] Database connection established successfully
[2025-12-08 23:20:32.919] [INFO ] Login dialog created
[2025-12-08 23:20:43.752] [INFO ] Login attempt for user: admin
[2025-12-08 23:20:43.769] [INFO ] Retrieved role from database: 'admin' for user: admin
[2025-12-08 23:20:43.769] [DEBUG] Using plain text password verification for user: admin
[2025-12-08 23:20:43.770] [WARN ] Password mismatch for user: admin
[2025-12-08 23:20:44.850] [WARN ] Failed login for user: admin
[2025-12-08 23:25:28.200] [INFO ] === VoltShop Application Exited with code 0 ===
[2025-12-08 23:25:28.201] [INFO ] Login dialog destroyed
[2025-12-08 23:25:28.254] [INFO ] === Logger shutting down ===
[2025-12-08 23:48:02.490] [INFO ] === Logger initialized ===
[2025-12-08 23:48:02.491] [INFO ] Signal handlers installed
[2025-12-08 23:48:02.491] [INFO ] === VoltShop Application Started ===
[2025-12-08 23:48:02.657] [INFO ] Database connection established successfully
[2025-12-08 23:48:02.683] [INFO ] Login dialog created
[2025-12-08 23:48:11.918] [INFO ] Login attempt for user: admin
[2025-12-08 23:48:11.927] [INFO ] Retrieved role from database: 'admin' for user: admin
[2025-12-08 23:48:11.928] [DEBUG] Using plain text password verification for user: admin
[2025-12-08 23:48:11.928] [DEBUG] User authenticated - Role: admin, TOTP: not set
[2025-12-08 23:48:11.928] [INFO ] User admin authenticated successfully, role: admin
[2025-12-08 23:48:11.929] [INFO ] User admin does not have 2FA enabled
[2025-12-08 23:48:13.355] [INFO ] User admin declined 2FA enrollment, proceeding without 2FA
[2025-12-08 23:48:13.355] [INFO ] Full authentication successful for user: admin
[2025-12-08 23:48:13.355] [INFO ] Scheduling MainWindow creation for user: admin with role: admin
[2025-12-08 23:48:13.358] [INFO ] Creating MainWindow instance
[2025-12-08 23:48:13.680] [INFO ] MainWindow constructor started
[2025-12-08 23:48:13.680] [INFO ] ExcelExporter initialized, script path: C:/Users/lastg/Desktop/integrationFinal/Version_FINAL V3 (2)[1]/Version_FINAL V3 (2)[1]/Version_FINAL V3 (2)[1]/Version_FINAL V3 (2)/Version_FINAL V3 (2)/Version_FINAL V3/Verion_FINALE/Verion_FINALE/python_scripts/financial_export.py
[2025-12-08 23:48:13.898] [INFO ] Setting role for user admin: admin (converted to: admin)
[2025-12-08 23:48:13.898] [INFO ] Role restrictions applied - Client:1 Commande:1 Stock:1 Transaction:1 Employee:1
[2025-12-08 23:48:13.898] [INFO ] Opened Employee tab for role: admin
[2025-12-08 23:48:13.968] [INFO ] MainWindow created and shown successfully
[2025-12-08 23:51:10.791] [INFO ] === VoltShop Application Exited with code 0 ===
[2025-12-08 23:51:10.792] [INFO ] Login dialog destroyed
[2025-12-08 23:51:10.810] [INFO ] === Logger shutting down ===
[2025-12-08 23:51:14.115] [INFO ] === Logger initialized ===
[2025-12-08 23:51:14.116] [INFO ] Signal handlers installed
[2025-12-08 23:51:14.116] [INFO ] === VoltShop Application Started ===
[2025-12-08 23:51:14.775] [INFO ] Database connection established successfully
[2025-12-08 23:51:14.954] [INFO ] Login dialog created
[2025-12-08 23:51:19.907] [INFO ] Login attempt for user: admin
[2025-12-08 23:51:19.910] [INFO ] Retrieved role from database: 'admin' for user: admin
[2025-12-08 23:51:19.910] [DEBUG] Using plain text password verification for user: admin
[2025-12-08 23:51:19.911] [DEBUG] User authenticated - Role: admin, TOTP: not set
[2025-12-08 23:51:19.911] [INFO ] User admin authenticated successfully, role: admin
[2025-12-08 23:51:19.911] [INFO ] User admin does not have 2FA enabled
[2025-12-08 23:51:21.010] [INFO ] User admin declined 2FA enrollment, proceeding without 2FA
[2025-12-08 23:51:21.011] [INFO ] Full authentication successful for user: admin
[2025-12-08 23:51:21.011] [INFO ] Scheduling MainWindow creation for user: admin with role: admin
[2025-12-08 23:51:21.011] [INFO ] Creating MainWindow instance
[2025-12-08 23:51:22.612] [INFO ] MainWindow constructor started
[2025-12-08 23:51:22.612] [INFO ] ExcelExporter initialized, script path: C:/Users/lastg/Desktop/integrationFinal/Version_FINAL V3 (2)[1]/Version_FINAL V3 (2)[1]/Version_FINAL V3 (2)[1]/Version_FINAL V3 (2)/Version_FINAL V3 (2)/Version_FINAL V3/Verion_FINALE/Verion_FINALE/python_scripts/financial_export.py
[2025-12-08 23:51:23.010] [INFO ] Setting role for user admin: admin (converted to: admin)
[2025-12-08 23:51:23.010] [INFO ] Role restrictions applied - Client:1 Commande:1 Stock:1 Transaction:1 Employee:1
[2025-12-08 23:51:23.012] [INFO ] Opened Employee tab for role: admin
[2025-12-08 23:51:23.530] [INFO ] MainWindow created and shown successfully
[2025-12-08 23:51:27.097] [INFO ] === VoltShop Application Exited with code 0 ===
[2025-12-08 23:51:27.097] [INFO ] Login dialog destroyed
[2025-12-08 23:51:27.160] [INFO ] === Logger shutting down ===
[2025-12-08 23:59:23.843] [INFO ] === Logger initialized ===
[2025-12-08 23:59:23.844] [INFO ] Signal handlers installed
[2025-12-08 23:59:23.844] [INFO ] === VoltShop Application Started ===
[2025-12-08 23:59:23.952] [INFO ] Database connection established successfully
[2025-12-08 23:59:23.984] [INFO ] Login dialog created
[2025-12-08 23:59:29.683] [INFO ] Login attempt for user: admin
[2025-12-08 23:59:29.686] [INFO ] Retrieved role from database: 'admin' for user: admin
[2025-12-08 23:59:29.686] [DEBUG] Using plain text password verification for user: admin
[2025-12-08 23:59:29.686] [DEBUG] User authenticated - Role: admin, TOTP: not set
[2025-12-08 23:59:29.686] [INFO ] User admin authenticated successfully, role: admin
[2025-12-08 23:59:29.686] [INFO ] User admin does not have 2FA enabled
[2025-12-08 23:59:30.956] [INFO ] User admin declined 2FA enrollment, proceeding without 2FA
[2025-12-08 23:59:30.958] [INFO ] Full authentication successful for user: admin
[2025-12-08 23:59:30.958] [INFO ] Scheduling MainWindow creation for user: admin with role: admin
[2025-12-08 23:59:30.958] [INFO ] Creating MainWindow instance
[2025-12-08 23:59:31.351] [INFO ] MainWindow constructor started
[2025-12-08 23:59:31.351] [INFO ] ExcelExporter initialized, script path: C:/Users/lastg/Desktop/integrationFinal/Version_FINAL V3 (2)[1]/Version_FINAL V3 (2)[1]/Version_FINAL V3 (2)[1]/Version_FINAL V3 (2)/Version_FINAL V3 (2)/Version_FINAL V3/Verion_FINALE/Verion_FINALE/python_scripts/financial_export.py
[2025-12-08 23:59:31.535] [INFO ] Setting role for user admin: admin (converted to: admin)
[2025-12-08 23:59:31.535] [INFO ] Role restrictions applied - Client:1 Commande:1 Stock:1 Transaction:1 Employee:1
[2025-12-08 23:59:31.537] [INFO ] Opened Employee tab for role: admin
[2025-12-08 23:59:31.616] [INFO ] MainWindow created and shown successfully
[2025-12-09 00:03:14.862] [INFO ] Excel export button clicked
[2025-12-09 00:03:16.915] [INFO ] Fetched 3 transactions from database
[2025-12-09 00:03:16.956] [INFO ] Found Python executable: python
[2025-12-09 00:03:16.963] [INFO ] Launching Python: python C:/Users/lastg/Desktop/integrationFinal/Version_FINAL V3 (2)[1]/Version_FINAL V3 (2)[1]/Version_FINAL V3 (2)[1]/Version_FINAL V3 (2)/Version_FINAL V3 (2)/Version_FINAL V3/Verion_FINALE/Verion_FINALE/python_scripts/financial_export.py C:/Users/lastg/Documents/Bilan_Financier_20251209_000314.xlsx
[2025-12-09 00:03:17.286] [INFO ] Python process exited with code: 0
[2025-12-09 00:03:17.286] [INFO ] Python stdout: SUCCESS: Excel file created: C:/Users/lastg/Documents/Bilan_Financier_20251209_000314.xlsx

[2025-12-09 00:03:17.286] [INFO ] Bilan Financier exporté avec succès:
C:/Users/lastg/Documents/Bilan_Financier_20251209_000314.xlsx
[2025-12-09 00:04:49.721] [INFO ] === VoltShop Application Exited with code 0 ===
[2025-12-09 00:04:49.723] [INFO ] Login dialog destroyed
[2025-12-09 00:04:49.750] [INFO ] === Logger shutting down ===
[2025-12-09 19:41:10.289] [INFO ] === Logger initialized ===
[2025-12-09 19:41:10.292] [INFO ] Signal handlers installed
[2025-12-09 19:41:10.292] [INFO ] === VoltShop Application Started ===
[2025-12-09 19:41:11.203] [INFO ] Database connection established successfully
[2025-12-09 19:41:11.407] [INFO ] Login dialog created
[2025-12-09 19:41:25.618] [INFO ] Login attempt for user: admin
[2025-12-09 19:41:25.634] [INFO ] Retrieved role from database: 'admin' for user: admin
[2025-12-09 19:41:25.635] [DEBUG] Using plain text password verification for user: admin
[2025-12-09 19:41:25.635] [DEBUG] User authenticated - Role: admin, TOTP: not set
[2025-12-09 19:41:25.636] [INFO ] User admin authenticated successfully, role: admin
[2025-12-09 19:41:25.636] [INFO ] User admin does not have 2FA enabled
[2025-12-09 19:41:27.468] [INFO ] User admin declined 2FA enrollment, proceeding without 2FA
[2025-12-09 19:41:27.478] [INFO ] Full authentication successful for user: admin
[2025-12-09 19:41:27.478] [INFO ] Scheduling MainWindow creation for user: admin with role: admin
[2025-12-09 19:41:27.479] [INFO ] Creating MainWindow instance
[2025-12-09 19:41:29.258] [INFO ] MainWindow constructor started
[2025-12-09 19:41:29.267] [INFO ] ExcelExporter initialized, script path: C:/Users/lastg/Desktop/integrationFinal/Version_FINAL V3 (2)[1]/Version_FINAL V3 (2)[1]/Version_FINAL V3 (2)[1]/Version_FINAL V3 (2)/Version_FINAL V3 (2)/Version_FINAL V3/Verion_FINALE/Verion_FINALE/python_scripts/financial_export.py
[2025-12-09 19:41:29.719] [INFO ] Setting role for user admin: admin (converted to: admin)
[2025-12-09 19:41:29.720] [INFO ] Role restrictions applied - Client:1 Commande:1 Stock:1 Transaction:1 Employee:1
[2025-12-09 19:41:29.721] [INFO ] Opened Employee tab for role: admin
[2025-12-09 19:41:30.099] [INFO ] MainWindow created and shown successfully
[2025-12-09 19:41:46.531] [INFO ] === VoltShop Application Exited with code 0 ===
[2025-12-09 19:41:46.531] [INFO ] Login dialog destroyed
[2025-12-09 19:41:46.588] [INFO ] === Logger shutting down ===
[2025-12-09 20:13:46.320] [INFO ] === Logger initialized ===
[2025-12-09 20:13:46.322] [INFO ] Signal handlers installed
[2025-12-09 20:13:46.322] [INFO ] === VoltShop Application Started ===
[2025-12-09 20:13:47.032] [INFO ] Database connection established successfully
[2025-12-09 20:13:47.294] [INFO ] Login dialog created
[2025-12-09 20:13:56.067] [INFO ] Login attempt for user: admin
[2025-12-09 20:13:56.070] [INFO ] Retrieved role from database: 'admin' for user: admin
[2025-12-09 20:13:56.070] [DEBUG] Using plain text password verification for user: admin
[2025-12-09 20:13:56.071] [DEBUG] User authenticated - Role: admin, TOTP: not set
[2025-12-09 20:13:56.071] [INFO ] User admin authenticated successfully, role: admin
[2025-12-09 20:13:56.072] [INFO ] User admin does not have 2FA enabled
[2025-12-09 20:13:57.298] [INFO ] User admin declined 2FA enrollment, proceeding without 2FA
[2025-12-09 20:13:57.314] [INFO ] Full authentication successful for user: admin
[2025-12-09 20:13:57.314] [INFO ] Scheduling MainWindow creation for user: admin with role: admin
[2025-12-09 20:13:57.314] [INFO ] Creating MainWindow instance
[2025-12-09 20:13:59.340] [INFO ] MainWindow constructor started
[2025-12-09 20:13:59.341] [INFO ] ExcelExporter initialized, script path: C:/Users/lastg/Desktop/integrationFinal/Version_FINAL V3 (2)[1]/Version_FINAL V3 (2)[1]/Version_FINAL V3 (2)[1]/Version_FINAL V3 (2)/Version_FINAL V3 (2)/Version_FINAL V3/Verion_FINALE/Verion_FINALE/python_scripts/financial_export.py
[2025-12-09 20:13:59.726] [INFO ] Setting role for user admin: admin (converted to: admin)
[2025-12-09 20:13:59.726] [INFO ] Role restrictions applied - Client:1 Commande:1 Stock:1 Transaction:1 Employee:1
[2025-12-09 20:13:59.728] [INFO ] Opened Employee tab for role: admin
[2025-12-09 20:14:00.085] [INFO ] MainWindow created and shown successfully
[2025-12-09 20:18:57.980] [INFO ] === VoltShop Application Exited with code 0 ===
[2025-12-09 20:18:57.982] [INFO ] Login dialog destroyed
[2025-12-09 20:18:58.033] [INFO ] === Logger shutting down ===
[2025-12-09 20:24:07.655] [INFO ] === Logger initialized ===
[2025-12-09 20:24:07.656] [INFO ] Signal handlers installed
[2025-12-09 20:24:07.657] [INFO ] === VoltShop Application Started ===
[2025-12-09 20:24:08.325] [INFO ] Database connection established successfully
[2025-12-09 20:24:08.616] [INFO ] Login dialog created
[2025-12-09 20:24:19.884] [INFO ] Login attempt for user: admin
[2025-12-09 20:24:19.897] [INFO ] Retrieved role from database: 'admin' for user: admin
[2025-12-09 20:24:19.899] [DEBUG] Using plain text password verification for user: admin
[2025-12-09 20:24:19.899] [DEBUG] User authenticated - Role: admin, TOTP: not set
[2025-12-09 20:24:19.899] [INFO ] User admin authenticated successfully, role: admin
[2025-12-09 20:24:19.900] [INFO ] User admin does not have 2FA enabled
[2025-12-09 20:24:22.198] [INFO ] User admin declined 2FA enrollment, proceeding without 2FA
[2025-12-09 20:24:22.198] [INFO ] Full authentication successful for user: admin
[2025-12-09 20:24:22.209] [INFO ] Scheduling MainWindow creation for user: admin with role: admin
[2025-12-09 20:24:22.209] [INFO ] Creating MainWindow instance
[2025-12-09 20:24:24.193] [INFO ] MainWindow constructor started
[2025-12-09 20:24:24.193] [INFO ] ExcelExporter initialized, script path: C:/Users/lastg/Desktop/integrationFinal/Version_FINAL V3 (2)[1]/Version_FINAL V3 (2)[1]/Version_FINAL V3 (2)[1]/Version_FINAL V3 (2)/Version_FINAL V3 (2)/Version_FINAL V3/Verion_FINALE/Verion_FINALE/python_scripts/financial_export.py
[2025-12-09 20:24:24.643] [INFO ] Setting role for user admin: admin (converted to: admin)
[2025-12-09 20:24:24.644] [INFO ] Role restrictions applied - Client:1 Commande:1 Stock:1 Transaction:1 Employee:1
[2025-12-09 20:24:24.646] [INFO ] Opened Employee tab for role: admin
[2025-12-09 20:24:25.045] [INFO ] MainWindow created and shown successfully
[2025-12-09 20:28:52.291] [INFO ] === VoltShop Application Exited with code 0 ===
[2025-12-09 20:28:52.291] [INFO ] Login dialog destroyed
[2025-12-09 20:28:52.358] [INFO ] === Logger shutting down ===
[2025-12-09 20:36:22.556] [INFO ] === Logger initialized ===
[2025-12-09 20:36:22.558] [INFO ] Signal handlers installed
[2025-12-09 20:36:22.558] [INFO ] === VoltShop Application Started ===
[2025-12-09 20:36:23.107] [INFO ] Database connection established successfully
[2025-12-09 20:36:23.276] [INFO ] Login dialog created
[2025-12-09 20:36:33.064] [INFO ] Login attempt for user: admin
[2025-12-09 20:36:33.079] [INFO ] Retrieved role from database: 'admin' for user: admin
[2025-12-09 20:36:33.080] [DEBUG] Using plain text password verification for user: admin
[2025-12-09 20:36:33.080] [DEBUG] User authenticated - Role: admin, TOTP: not set
[2025-12-09 20:36:33.081] [INFO ] User admin authenticated successfully, role: admin
[2025-12-09 20:36:33.081] [INFO ] User admin does not have 2FA enabled
[2025-12-09 20:36:34.912] [INFO ] User admin declined 2FA enrollment, proceeding without 2FA
[2025-12-09 20:36:34.918] [INFO ] Full authentication successful for user: admin
[2025-12-09 20:36:34.918] [INFO ] Scheduling MainWindow creation for user: admin with role: admin
[2025-12-09 20:36:34.918] [INFO ] Creating MainWindow instance
[2025-12-09 20:36:36.379] [INFO ] MainWindow constructor started
[2025-12-09 20:36:36.381] [INFO ] ExcelExporter initialized, script path: C:/Users/lastg/Desktop/integrationFinal/Version_FINAL V3 (2)[1]/Version_FINAL V3 (2)[1]/Version_FINAL V3 (2)[1]/Version_FINAL V3 (2)/Version_FINAL V3 (2)/Version_FINAL V3/Verion_FINALE/Verion_FINALE/python_scripts/financial_export.py
[2025-12-09 20:36:39.973] [INFO ] Setting role for user admin: admin (converted to: admin)
[2025-12-09 20:36:39.977] [INFO ] Role restrictions applied - Client:1 Commande:1 Stock:1 Transaction:1 Employee:1
[2025-12-09 20:36:39.979] [INFO ] Opened Employee tab for role: admin
[2025-12-09 20:36:39.984] [INFO ] MainWindow created and shown successfully
[2025-12-09 20:39:30.572] [INFO ] === VoltShop Application Exited with code 0 ===
[2025-12-09 20:39:30.573] [INFO ] Login dialog destroyed
[2025-12-09 20:39:30.635] [INFO ] === Logger shutting down ===
[2025-12-09 20:39:38.399] [INFO ] === Logger initialized ===
[2025-12-09 20:39:38.400] [INFO ] Signal handlers installed
[2025-12-09 20:39:38.400] [INFO ] === VoltShop Application Started ===
[2025-12-09 20:39:38.926] [INFO ] Database connection established successfully
[2025-12-09 20:39:39.085] [INFO ] Login dialog created
[2025-12-09 20:39:54.941] [INFO ] Login attempt for user: admin
[2025-12-09 20:39:54.948] [INFO ] Retrieved role from database: 'admin' for user: admin
[2025-12-09 20:39:54.948] [DEBUG] Using plain text password verification for user: admin
[2025-12-09 20:39:54.949] [DEBUG] User authenticated - Role: admin, TOTP: not set
[2025-12-09 20:39:54.949] [INFO ] User admin authenticated successfully, role: admin
[2025-12-09 20:39:54.950] [INFO ] User admin does not have 2FA enabled
[2025-12-09 20:39:57.156] [INFO ] User admin declined 2FA enrollment, proceeding without 2FA
[2025-12-09 20:39:57.156] [INFO ] Full authentication successful for user: admin
[2025-12-09 20:39:57.170] [INFO ] Scheduling MainWindow creation for user: admin with role: admin
[2025-12-09 20:39:57.170] [INFO ] Creating MainWindow instance
[2025-12-09 20:39:58.621] [INFO ] MainWindow constructor started
[2025-12-09 20:39:58.622] [INFO ] ExcelExporter initialized, script path: C:/Users/lastg/Desktop/integrationFinal/Version_FINAL V3 (2)[1]/Version_FINAL V3 (2)[1]/Version_FINAL V3 (2)[1]/Version_FINAL V3 (2)/Version_FINAL V3 (2)/Version_FINAL V3/Verion_FINALE/Verion_FINALE/python_scripts/financial_export.py
[2025-12-09 20:40:00.899] [INFO ] Setting role for user admin: admin (converted to: admin)
[2025-12-09 20:40:00.904] [INFO ] Role restrictions applied - Client:1 Commande:1 Stock:1 Transaction:1 Employee:1
[2025-12-09 20:40:00.906] [INFO ] Opened Employee tab for role: admin
[2025-12-09 20:40:00.910] [INFO ] MainWindow created and shown successfully
[2025-12-09 20:40:42.602] [INFO ] === VoltShop Application Exited with code 0 ===
[2025-12-09 20:40:42.603] [INFO ] Login dialog destroyed
[2025-12-09 20:40:42.645] [INFO ] === Logger shutting down ===
[2025-12-09 20:41:01.766] [INFO ] === Logger initialized ===
[2025-12-09 20:41:01.767] [INFO ] Signal handlers installed
[2025-12-09 20:41:01.767] [INFO ] === VoltShop Application Started ===
[2025-12-09 20:41:02.308] [INFO ] Database connection established successfully
[2025-12-09 20:41:02.486] [INFO ] Login dialog created
[2025-12-09 20:42:00.093] [INFO ] Login attempt for user: admin
[2025-12-09 20:42:00.095] [INFO ] Retrieved role from database: 'admin' for user: admin
[2025-12-09 20:42:00.096] [DEBUG] Using plain text password verification for user: admin
[2025-12-09 20:42:00.096] [DEBUG] User authenticated - Role: admin, TOTP: not set
[2025-12-09 20:42:00.097] [INFO ] User admin authenticated successfully, role: admin
[2025-12-09 20:42:00.097] [INFO ] User admin does not have 2FA enabled
[2025-12-09 20:42:03.332] [INFO ] User admin declined 2FA enrollment, proceeding without 2FA
[2025-12-09 20:42:03.343] [INFO ] Full authentication successful for user: admin
[2025-12-09 20:42:03.343] [INFO ] Scheduling MainWindow creation for user: admin with role: admin
[2025-12-09 20:42:03.343] [INFO ] Creating MainWindow instance
[2025-12-09 20:42:04.828] [INFO ] MainWindow constructor started
[2025-12-09 20:42:04.834] [INFO ] ExcelExporter initialized, script path: C:/Users/lastg/Desktop/integrationFinal/Version_FINAL V3 (2)[1]/Version_FINAL V3 (2)[1]/Version_FINAL V3 (2)[1]/Version_FINAL V3 (2)/Version_FINAL V3 (2)/Version_FINAL V3/Verion_FINALE/Verion_FINALE/python_scripts/financial_export.py
[2025-12-09 20:42:07.643] [INFO ] Setting role for user admin: admin (converted to: admin)
[2025-12-09 20:42:07.648] [INFO ] Role restrictions applied - Client:1 Commande:1 Stock:1 Transaction:1 Employee:1
[2025-12-09 20:42:07.649] [INFO ] Opened Employee tab for role: admin
[2025-12-09 20:42:07.657] [INFO ] MainWindow created and shown successfully
[2025-12-10 14:18:22.830] [INFO ] === VoltShop Application Exited with code 0 ===
[2025-12-10 14:18:22.831] [INFO ] Login dialog destroyed
[2025-12-10 14:18:22.905] [INFO ] === Logger shutting down ===
